Workbook

Sheet Анкета соцсети
A1: Отметка времени | B1: ФИО опрашиваемого | C1: E-mail | D1: Дата | E1: 1. Основная соцсеть | F1: 2. Время в день | G1: 3. Цель использования | H1: 4. Устройство | I1: 5. Формат контента | J1: 6. Публикация постов (Да/Нет) | K1: 7. Отношение к рекламе | L1: 8. Наличие 2FA (Да/Нет) | M1: 9. Участие в сообществах | N1: 10. Доверие к безопасности
A2: 2026-10-21 10:15:22 | B2: Гайнанов Дамир Ильдарович | C2: gainanov.di@mail.ru | D2: 2026-10-21 | E2: Telegram | F2: 1–3 часа | G2: Общение и новости | H2: Смартфон | I2: Текстовые посты и статьи | J2: Да | K2: Нейтрально | L2: Да | M2: Состою ради новостей | N2: Средняя
A3: 2026-10-21 10:18:40 | B3: Гарифуллин Карим Радикович | C3: garifullin.kr@mail.ru | D3: 2026-10-21 | E3: Telegram | F3: 3–5 часов | G3: Учеба и работа | H3: Смартфон | I3: Текстовые посты и статьи | J3: Да | K3: Нейтрально | L3: Да | M3: Активно участвую | N3: Высокая
A4: 2026-10-21 10:22:15 | B4: Нигматуллин Ильшат Шамилевич | C4: nigmatullin.ish@mail.ru | D4: 2026-10-21 | E4: VK (ВКонтакте) | F4: 1–3 часа | G4: Общение с друзьями | H4: Ноутбук / ПК | I4: Короткие видео (Клипы) | J4: Нет | K4: Отрицательно | L4: Да | M4: Состою ради новостей | N4: Средняя
A5: 2026-10-21 10:25:33 | B5: Гайнетдинов Рустем Рашитович | C5: gainetdinov.rr@mail.ru | D5: 2026-10-21 | E5: Telegram | F5: 1–3 часа | G5: Просмотр новостей | H5: Смартфон | I5: Длинные видео и подкасты | J5: Да | K5: Нейтрально | L5: Да | M5: Состою ради новостей | N5: Средняя
A6: 2026-10-21 10:30:11 | B6: Вагапов Руслан Фаритович | C6: vagapov.rf@mail.ru | D6: 2026-10-21 | E6: VK (ВКонтакте) | F6: 3–5 часов | G6: Развлекательный контент | H6: Смартфон | I6: Короткие видео (Клипы) | J6: Нет | K6: Отрицательно | L6: Да | M6: Состою ради новостей | N6: Низкая
A7: 2026-10-21 10:34:49 | B7: Баширов Артур Ринатович | C7: bashirov.ar@mail.ru | D7: 2026-10-21 | E7: Telegram | F7: 1–3 часа | G7: Общение и учеба | H7: Ноутбук / ПК | I7: Текстовые посты и статьи | J7: Да | K7: Положительно | L7: Да | M7: Активно участвую | N7: Средняя
A8: 2026-10-21 10:41:02 | B8: Аскаров Руслан Маратович | C8: askarov.rm@mail.ru | D8: 2026-10-21 | E8: VK (ВКонтакте) | F8: Более 5 часов | G8: Развлекательный контент | H8: Смартфон | I8: Короткие видео (Клипы) | J8: Нет | K8: Нейтрально | L8: Да | M8: Не состою | N8: Средняя
A9: 2026-10-21 10:45:18 | B9: Смирнов Алексей Викторович | C9: smirnov.av@mail.ru | D9: 2026-10-21 | E9: Rutube / YouTube | F9: 1–3 часа | G9: Обучающие видео | H9: Ноутбук / ПК | I9: Длинные видео и подкасты | J9: Нет | K9: Отрицательно | L9: Нет | M9: Не состою | N9: Низкая
A10: 2026-10-21 10:52:05 | B10: Кузнецов Дмитрий Сергеевич | C10: kuznetsov.ds@mail.ru | D10: 2026-10-21 | E10: Telegram | F10: 3–5 часов | G10: Общение с друзьями | H10: Смартфон | I10: Фотографии и подборки | J10: Да | K10: Нейтрально | L10: Да | M10: Состою ради новостей | N10: Средняя
A11: 2026-10-21 10:58:30 | B11: Васильев Игорь Петрович | C11: vasiliev.ip@mail.ru | D11: 2026-10-21 | E11: Другая | F11: Менее 1 часа | G11: Поиск информации | H11: Ноутбук / ПК | I11: Текстовые посты и статьи | J11: Нет | K11: Отрицательно | L11: Нет | M11: Не состою | N11: Низкая

Sheet Ответы теста
A1: Отметка времени | B1: ФИО тестируемого | C1: E-mail | D1: Дата | E1: Q1 (Джоуль) | F1: Q2 (1 закон Ньютона) | G1: Q3 (Закон Ома) | H1: Q4 (Изохорный) | I1: Q5 (Оптоволокно) | J1: Q6 (Импульс) | K1: Q7 (Сила Архимеда) | L1: Q8 (Нейтрон) | M1: Q9 (Индукция) | N1: Q10 (Скорость света)
A2: 2026-10-21 11:05:10 | B2: Гайнанов Дамир Ильдарович | C2: gainanov.di@mail.ru | D2: 2026-10-21 | E2: Энергия и работа | F2: Равнодействующая сил равна нулю | G2: I = U / R | H2: Изохорный | I2: Полное внутреннее отражение | J2: Импульс | K2: Весу вытесненной жидкости | L2: Нейтральный (ноль) | M2: Фарадей | N2: 300 000 км/с
A3: 2026-10-21 11:08:44 | B3: Гарифуллин Карим Радикович | C3: garifullin.kr@mail.ru | D3: 2026-10-21 | E3: Энергия и работа | F3: Равнодействующая сил равна нулю | G3: I = U / R | H3: Изохорный | I3: Полное внутреннее отражение | J3: Импульс | K3: Весу вытесненной жидкости | L3: Нейтральный (ноль) | M3: Фарадей | N3: 300 000 км/с
A4: 2026-10-21 11:12:30 | B4: Нигматуллин Ильшат Шамилевич | C4: nigmatullin.ish@mail.ru | D4: 2026-10-21 | E4: Энергия и работа | F4: Равнодействующая сил равна нулю | G4: I = U / R | H4: Изохорный | I4: Полное внутреннее отражение | J4: Импульс | K4: Весу вытесненной жидкости | L4: Нейтральный (ноль) | M4: Максвелл | N4: 300 000 км/с
A5: 2026-10-21 11:15:20 | B5: Гайнетдинов Рустем Рашитович | C5: gainetdinov.rr@mail.ru | D5: 2026-10-21 | E5: Энергия и работа | F5: Равнодействующая сил равна нулю | G5: I = U / R | H5: Изобарный | I5: Полное внутреннее отражение | J5: Импульс | K5: Весу вытесненной жидкости | L5: Нейтральный (ноль) | M5: Фарадей | N5: 150 000 км/с
A6: 2026-10-21 11:19:05 | B6: Вагапов Руслан Фаритович | C6: vagapov.rf@mail.ru | D6: 2026-10-21 | E6: Энергия и работа | F6: Равнодействующая сил равна нулю | G6: I = U / R | H6: Изохорный | I6: Дифракция света | J6: Импульс | K6: Весу вытесненной жидкости | L6: Нейтральный (ноль) | M6: Фарадей | N6: 300 000 км/с
A7: 2026-10-21 11:24:12 | B7: Баширов Артур Ринатович | C7: bashirov.ar@mail.ru | D7: 2026-10-21 | E7: Сила | F7: Равнодействующая сил равна нулю | G7: I = U / R | H7: Изохорный | I7: Полное внутреннее отражение | J7: Импульс | K7: Массе самого тела | L7: Нейтральный (ноль) | M7: Фарадей | N7: 300 000 м/с
A8: 2026-10-21 11:29:50 | B8: Аскаров Руслан Маратович | C8: askarov.rm@mail.ru | D8: 2026-10-21 | E8: Энергия и работа | F8: Равнодействующая сил равна нулю | G8: I = U * R | H8: Изохорный | I8: Полное внутреннее отражение | J8: Импульс | K8: Весу вытесненной жидкости | L8: Положительный (+1) | M8: Фарадей | N8: 300 000 км/с
A9: 2026-10-21 11:35:14 | B9: Смирнов Алексей Викторович | C9: smirnov.av@mail.ru | D9: 2026-10-21 | E9: Мощность | F9: Равнодействующая сил равна нулю | G9: I = U / R | H9: Изотермический | I9: Полное внутреннее отражение | J9: Скорость | K9: Весу вытесненной жидкости | L9: Нейтральный (ноль) | M9: Ньютон | N9: 300 000 км/с
A10: 2026-10-21 11:42:01 | B10: Кузнецов Дмитрий Сергеевич | C10: kuznetsov.ds@mail.ru | D10: 2026-10-21 | E10: Энергия и работа | F10: Постоянная сила | G10: I = U / R | H10: Изохорный | I10: Поляризация света | J10: Импульс | K10: Весу вытесненной жидкости | L10: Нейтральный (ноль) | M10: Фарадей | N10: 300 000 м/с
A11: 2026-10-21 11:49:15 | B11: Васильев Игорь Петрович | C11: vasiliev.ip@mail.ru | D11: 2026-10-21 | E11: Давление | F11: Постоянная сила | G11: P = U * I | H11: Изобарный | I11: Полное внутреннее отражение | J11: Ускорение | K11: Весу вытесненной жидкости | L11: Отрицательный (-1) | M11: Фарадей | N11: 300 000 км/с

Sheet Проверка и оценивание
A1: Отметка времени | B1: ФИО тестируемого | C1: Балл Q1 | D1: Балл Q2 | E1: Балл Q3 | F1: Балл Q4 | G1: Балл Q5 | H1: Балл Q6 | I1: Балл Q7 | J1: Балл Q8 | K1: Балл Q9 | L1: Балл Q10 | M1: ИТОГО БАЛЛОВ | N1: ОЦЕНКА
A2: ='Ответы теста'!A2 | B2: ='Ответы теста'!B2 | C2: =IF('Ответы теста'!E2="Энергия и работа", 1, 0) | D2: =IF('Ответы теста'!F2="Равнодействующая сил равна нулю", 1, 0) | E2: =IF('Ответы теста'!G2="I = U / R", 1, 0) | F2: =IF('Ответы теста'!H2="Изохорный", 1, 0) | G2: =IF('Ответы теста'!I2="Полное внутреннее отражение", 1, 0) | H2: =IF(LOWER(TRIM('Ответы теста'!J2))="импульс", 1, 0) | I2: =IF('Ответы теста'!K2="Весу вытесненной жидкости", 1, 0) | J2: =IF('Ответы теста'!L2="Нейтральный (ноль)", 1, 0) | K2: =IF(LOWER(TRIM('Ответы теста'!M2))="фарадей", 1, 0) | L2: =IF('Ответы теста'!N2="300 000 км/с", 1, 0) | M2: =SUM(C2:L2) | N2: =IF(M2>=10, "Отлично", IF(M2>=8, "Хорошо", IF(M2>=6, "Удовлетворительно", "Неудовлетворительно")))
A3: ='Ответы теста'!A3 | B3: ='Ответы теста'!B3 | C3: =IF('Ответы теста'!E3="Энергия и работа", 1, 0) | D3: =IF('Ответы теста'!F3="Равнодействующая сил равна нулю", 1, 0) | E3: =IF('Ответы теста'!G3="I = U / R", 1, 0) | F3: =IF('Ответы теста'!H3="Изохорный", 1, 0) | G3: =IF('Ответы теста'!I3="Полное внутреннее отражение", 1, 0) | H3: =IF(LOWER(TRIM('Ответы теста'!J3))="импульс", 1, 0) | I3: =IF('Ответы теста'!K3="Весу вытесненной жидкости", 1, 0) | J3: =IF('Ответы теста'!L3="Нейтральный (ноль)", 1, 0) | K3: =IF(LOWER(TRIM('Ответы теста'!M3))="фарадей", 1, 0) | L3: =IF('Ответы теста'!N3="300 000 км/с", 1, 0) | M3: =SUM(C3:L3) | N3: =IF(M3>=10, "Отлично", IF(M3>=8, "Хорошо", IF(M3>=6, "Удовлетворительно", "Неудовлетворительно")))
A4: ='Ответы теста'!A4 | B4: ='Ответы теста'!B4 | C4: =IF('Ответы теста'!E4="Энергия и работа", 1, 0) | D4: =IF('Ответы теста'!F4="Равнодействующая сил равна нулю", 1, 0) | E4: =IF('Ответы теста'!G4="I = U / R", 1, 0) | F4: =IF('Ответы теста'!H4="Изохорный", 1, 0) | G4: =IF('Ответы теста'!I4="Полное внутреннее отражение", 1, 0) | H4: =IF(LOWER(TRIM('Ответы теста'!J4))="импульс", 1, 0) | I4: =IF('Ответы теста'!K4="Весу вытесненной жидкости", 1, 0) | J4: =IF('Ответы теста'!L4="Нейтральный (ноль)", 1, 0) | K4: =IF(LOWER(TRIM('Ответы теста'!M4))="фарадей", 1, 0) | L4: =IF('Ответы теста'!N4="300 000 км/с", 1, 0) | M4: =SUM(C4:L4) | N4: =IF(M4>=10, "Отлично", IF(M4>=8, "Хорошо", IF(M4>=6, "Удовлетворительно", "Неудовлетворительно")))
A5: ='Ответы теста'!A5 | B5: ='Ответы теста'!B5 | C5: =IF('Ответы теста'!E5="Энергия и работа", 1, 0) | D5: =IF('Ответы теста'!F5="Равнодействующая сил равна нулю", 1, 0) | E5: =IF('Ответы теста'!G5="I = U / R", 1, 0) | F5: =IF('Ответы теста'!H5="Изохорный", 1, 0) | G5: =IF('Ответы теста'!I5="Полное внутреннее отражение", 1, 0) | H5: =IF(LOWER(TRIM('Ответы теста'!J5))="импульс", 1, 0) | I5: =IF('Ответы теста'!K5="Весу вытесненной жидкости", 1, 0) | J5: =IF('Ответы теста'!L5="Нейтральный (ноль)", 1, 0) | K5: =IF(LOWER(TRIM('Ответы теста'!M5))="фарадей", 1, 0) | L5: =IF('Ответы теста'!N5="300 000 км/с", 1, 0) | M5: =SUM(C5:L5) | N5: =IF(M5>=10, "Отлично", IF(M5>=8, "Хорошо", IF(M5>=6, "Удовлетворительно", "Неудовлетворительно")))
A6: ='Ответы теста'!A6 | B6: ='Ответы теста'!B6 | C6: =IF('Ответы теста'!E6="Энергия и работа", 1, 0) | D6: =IF('Ответы теста'!F6="Равнодействующая сил равна нулю", 1, 0) | E6: =IF('Ответы теста'!G6="I = U / R", 1, 0) | F6: =IF('Ответы теста'!H6="Изохорный", 1, 0) | G6: =IF('Ответы теста'!I6="Полное внутреннее отражение", 1, 0) | H6: =IF(LOWER(TRIM('Ответы теста'!J6))="импульс", 1, 0) | I6: =IF('Ответы теста'!K6="Весу вытесненной жидкости", 1, 0) | J6: =IF('Ответы теста'!L6="Нейтральный (ноль)", 1, 0) | K6: =IF(LOWER(TRIM('Ответы теста'!M6))="фарадей", 1, 0) | L6: =IF('Ответы теста'!N6="300 000 км/с", 1, 0) | M6: =SUM(C6:L6) | N6: =IF(M6>=10, "Отлично", IF(M6>=8, "Хорошо", IF(M6>=6, "Удовлетворительно", "Неудовлетворительно")))
A7: ='Ответы теста'!A7 | B7: ='Ответы теста'!B7 | C7: =IF('Ответы теста'!E7="Энергия и работа", 1, 0) | D7: =IF('Ответы теста'!F7="Равнодействующая сил равна нулю", 1, 0) | E7: =IF('Ответы теста'!G7="I = U / R", 1, 0) | F7: =IF('Ответы теста'!H7="Изохорный", 1, 0) | G7: =IF('Ответы теста'!I7="Полное внутреннее отражение", 1, 0) | H7: =IF(LOWER(TRIM('Ответы теста'!J7))="импульс", 1, 0) | I7: =IF('Ответы теста'!K7="Весу вытесненной жидкости", 1, 0) | J7: =IF('Ответы теста'!L7="Нейтральный (ноль)", 1, 0) | K7: =IF(LOWER(TRIM('Ответы теста'!M7))="фарадей", 1, 0) | L7: =IF('Ответы теста'!N7="300 000 км/с", 1, 0) | M7: =SUM(C7:L7) | N7: =IF(M7>=10, "Отлично", IF(M7>=8, "Хорошо", IF(M7>=6, "Удовлетворительно", "Неудовлетворительно")))
A8: ='Ответы теста'!A8 | B8: ='Ответы теста'!B8 | C8: =IF('Ответы теста'!E8="Энергия и работа", 1, 0) | D8: =IF('Ответы теста'!F8="Равнодействующая сил равна нулю", 1, 0) | E8: =IF('Ответы теста'!G8="I = U / R", 1, 0) | F8: =IF('Ответы теста'!H8="Изохорный", 1, 0) | G8: =IF('Ответы теста'!I8="Полное внутреннее отражение", 1, 0) | H8: =IF(LOWER(TRIM('Ответы теста'!J8))="импульс", 1, 0) | I8: =IF('Ответы теста'!K8="Весу вытесненной жидкости", 1, 0) | J8: =IF('Ответы теста'!L8="Нейтральный (ноль)", 1, 0) | K8: =IF(LOWER(TRIM('Ответы теста'!M8))="фарадей", 1, 0) | L8: =IF('Ответы теста'!N8="300 000 км/с", 1, 0) | M8: =SUM(C8:L8) | N8: =IF(M8>=10, "Отлично", IF(M8>=8, "Хорошо", IF(M8>=6, "Удовлетворительно", "Неудовлетворительно")))
A9: ='Ответы теста'!A9 | B9: ='Ответы теста'!B9 | C9: =IF('Ответы теста'!E9="Энергия и работа", 1, 0) | D9: =IF('Ответы теста'!F9="Равнодействующая сил равна нулю", 1, 0) | E9: =IF('Ответы теста'!G9="I = U / R", 1, 0) | F9: =IF('Ответы теста'!H9="Изохорный", 1, 0) | G9: =IF('Ответы теста'!I9="Полное внутреннее отражение", 1, 0) | H9: =IF(LOWER(TRIM('Ответы теста'!J9))="импульс", 1, 0) | I9: =IF('Ответы теста'!K9="Весу вытесненной жидкости", 1, 0) | J9: =IF('Ответы теста'!L9="Нейтральный (ноль)", 1, 0) | K9: =IF(LOWER(TRIM('Ответы теста'!M9))="фарадей", 1, 0) | L9: =IF('Ответы теста'!N9="300 000 км/с", 1, 0) | M9: =SUM(C9:L9) | N9: =IF(M9>=10, "Отлично", IF(M9>=8, "Хорошо", IF(M9>=6, "Удовлетворительно", "Неудовлетворительно")))
A10: ='Ответы теста'!A10 | B10: ='Ответы теста'!B10 | C10: =IF('Ответы теста'!E10="Энергия и работа", 1, 0) | D10: =IF('Ответы теста'!F10="Равнодействующая сил равна нулю", 1, 0) | E10: =IF('Ответы теста'!G10="I = U / R", 1, 0) | F10: =IF('Ответы теста'!H10="Изохорный", 1, 0) | G10: =IF('Ответы теста'!I10="Полное внутреннее отражение", 1, 0) | H10: =IF(LOWER(TRIM('Ответы теста'!J10))="импульс", 1, 0) | I10: =IF('Ответы теста'!K10="Весу вытесненной жидкости", 1, 0) | J10: =IF('Ответы теста'!L10="Нейтральный (ноль)", 1, 0) | K10: =IF(LOWER(TRIM('Ответы теста'!M10))="фарадей", 1, 0) | L10: =IF('Ответы теста'!N10="300 000 км/с", 1, 0) | M10: =SUM(C10:L10) | N10: =IF(M10>=10, "Отлично", IF(M10>=8, "Хорошо", IF(M10>=6, "Удовлетворительно", "Неудовлетворительно")))
A11: ='Ответы теста'!A11 | B11: ='Ответы теста'!B11 | C11: =IF('Ответы теста'!E11="Энергия и работа", 1, 0) | D11: =IF('Ответы теста'!F11="Равнодействующая сил равна нулю", 1, 0) | E11: =IF('Ответы теста'!G11="I = U / R", 1, 0) | F11: =IF('Ответы теста'!H11="Изохорный", 1, 0) | G11: =IF('Ответы теста'!I11="Полное внутреннее отражение", 1, 0) | H11: =IF(LOWER(TRIM('Ответы теста'!J11))="импульс", 1, 0) | I11: =IF('Ответы теста'!K11="Весу вытесненной жидкости", 1, 0) | J11: =IF('Ответы теста'!L11="Нейтральный (ноль)", 1, 0) | K11: =IF(LOWER(TRIM('Ответы теста'!M11))="фарадей", 1, 0) | L11: =IF('Ответы теста'!N11="300 000 км/с", 1, 0) | M11: =SUM(C11:L11) | N11: =IF(M11>=10, "Отлично", IF(M11>=8, "Хорошо", IF(M11>=6, "Удовлетворительно", "Неудовлетворительно")))
B12: СРЕДНИЙ БАЛЛ ПО ГРУППЕ: | M12: =AVERAGE(M2:M11)
