Workbook

Sheet Ответы на форму (1)
A1: Отметка времени | B1: Баллы | C1: ФИО тестируемого | D1: E-mail тестируемого | E1: Дата тестирования | F1: 1. Какая физическая величина измеряется в Джоулях (Дж)? | G1: 2. Первый закон Ньютона утверждает, что тело сохраняет состояние покоя или равномерного прямолинейного движения, если... | H1: 3. Закон Ома для однородного участка электрической цепи выражается формулой: | I1: 4. Термодинамический процесс, происходящий при постоянном объеме газа (V = const), называется: | J1: 5. Какое явление волновой оптики лежит в основе передачи световых сигналов в оптическом волокне? | K1: 6. Как называется физическая векторная величина, равная произведению массы тела на его скорость (p = m*v)? (Введите одно слово) | L1: 7. Выталкивающая сила (сила Архимеда), действующая на погруженное в жидкость тело, равна... | M1: 8. Какой электрический заряд имеет элементарная частица нейтрон? | N1: 9. Назовите фамилию английского ученого-физика, открывшего явление электромагнитной индукции (введите фамилию): | O1: 10. Скорость распространения электромагнитного излучения (света) в вакууме приблизительно равна:
A2: 46317.648 | B2: 8 | C2: Гайнанов Дамир Ильдарович | D2: gainanov.di@mail.ru | E2: 46316 | F2: Энергия и работа | G2: Равнодействующая всех сил равна нулю | H2: I = U / R | I2: Изохорный | J2: Полное внутреннее отражение | K2: Импульс | L2: Весу вытесненной жидкости | M2: Нейтральный (ноль) | N2: Фарадей | O2: 300 000 км/с
A3: 46317.648 | B3: 8 | C3: Гарифуллин Карим Радикович | D3: garifullin.kr@mail.ru | E3: 46316 | F3: Энергия и работа | G3: Равнодействующая всех сил равна нулю | H3: I = U / R | I3: Изохорный | J3: Полное внутреннее отражение | K3: Импульс | L3: Весу вытесненной жидкости | M3: Нейтральный (ноль) | N3: Фарадей | O3: 300 000 км/с
A4: 46317.648 | B4: 8 | C4: Нигматуллин Ильшат Шамилевич | D4: nigmatullin.ish@mail.ru | E4: 46316 | F4: Энергия и работа | G4: Равнодействующая всех сил равна нулю | H4: I = U / R | I4: Изохорный | J4: Полное внутреннее отражение | K4: Импульс | L4: Весу вытесненной жидкости | M4: Нейтральный (ноль) | N4: Максвелл | O4: 300 000 км/с
A5: 46317.648 | B5: 6 | C5: Гайнетдинов Рустем Рашитович | D5: gainetdinov.rr@mail.ru | E5: 46316 | F5: Энергия и работа | G5: Равнодействующая всех сил равна нулю | H5: I = U / R | I5: Изобарный | J5: Полное внутреннее отражение | K5: Импульс | L5: Весу вытесненной жидкости | M5: Нейтральный (ноль) | N5: Фарадей | O5: 150 000 км/с
A6: 46317.648 | B6: 7 | C6: Вагапов Руслан Фаритович | D6: vagapov.rf@mail.ru | E6: 46316 | F6: Энергия и работа | G6: Равнодействующая всех сил равна нулю | H6: I = U / R | I6: Изохорный | J6: Дифракция света | K6: Импульс | L6: Весу вытесненной жидкости | M6: Нейтральный (ноль) | N6: Фарадей | O6: 300 000 км/с
A7: 46317.648 | B7: 5 | C7: Баширов Артур Ринатович | D7: bashirov.ar@mail.ru | E7: 46316 | F7: Сила | G7: Равнодействующая всех сил равна нулю | H7: I = U / R | I7: Изохорный | J7: Полное внутреннее отражение | K7: Импульс | L7: Массе самого тела | M7: Нейтральный (ноль) | N7: Фарадей | O7: 300 000 м/с
A8: 46317.648 | B8: 6 | C8: Аскаров Руслан Маратович | D8: askarov.rm@mail.ru | E8: 46316 | F8: Энергия и работа | G8: Равнодействующая всех сил равна нулю | H8: I = U * R | I8: Изохорный | J8: Полное внутреннее отражение | K8: Импульс | L8: Весу вытесненной жидкости | M8: Положительный (+1) | N8: Фарадей | O8: 300 000 км/с
A9: 46317.648 | B9: 6 | C9: Смирнов Алексей Викторович | D9: smirnov.av@mail.ru | E9: 46316 | F9: Мощность | G9: Равнодействующая всех сил равна нулю | H9: I = U / R | I9: Изотермический | J9: Полное внутреннее отражение | K9: Скорость | L9: Весу вытесненной жидкости | M9: Нейтральный (ноль) | N9: Ньютон | O9: 300 000 км/с
A10: 46317.649 | B10: 5 | C10: Кузнецов Дмитрий Сергеевич | D10: kuznetsov.ds@mail.ru | E10: 46316 | F10: Энергия и работа | G10: На него действует постоянная сила | H10: I = U / R | I10: Изохорный | J10: Поляризация света | K10: Импульс | L10: Весу вытесненной жидкости | M10: Нейтральный (ноль) | N10: Фарадей | O10: 300 000 м/с
A11: 46317.649 | B11: 3 | C11: Васильев Игорь Петрович | D11: vasiliev.ip@mail.ru | E11: 46316 | F11: Давление | G11: На него действует постоянная сила | H11: P = U * I | I11: Изобарный | J11: Полное внутреннее отражение | K11: Ускорение | L11: Весу вытесненной жидкости | M11: Отрицательный (-1) | N11: Фарадей | O11: 300 000 км/с

Sheet Проверка и оценивание
A1: ФИО тестируемого | B1: Q1 (Джоуль) | C1: Q2 (1 зак. Ньютона) | D1: Q3 (Закон Ома) | E1: Q4 (Изохорный) | F1: Q5 (Оптоволокно) | G1: Q6 (Импульс) | H1: Q7 (Сила Архимеда) | I1: Q8 (Нейтрон) | J1: Q9 (Индукция) | K1: Q10 (Скорость света) | L1: ИТОГО БАЛЛОВ | M1: ОЦЕНКА
A2: ='Ответы на форму (1)'!C2 -> Гайнанов Дамир Ильдарович | B2: =IF('Ответы на форму (1)'!F2="Энергия и работа", 1, 0) -> #ERROR! | C2: =IF('Ответы на форму (1)'!G2="Равнодействующая всех сил равна нулю", 1, 0) -> #ERROR! | D2: =IF('Ответы на форму (1)'!H2="I = U / R", 1, 0) -> #ERROR! | E2: =IF('Ответы на форму (1)'!I2="Изохорный", 1, 0) -> #ERROR! | F2: =IF('Ответы на форму (1)'!J2="Полное внутреннее отражение", 1, 0) -> #ERROR! | G2: =IF(LOWER(TRIM('Ответы на форму (1)'!K2))="импульс", 1, 0) -> #ERROR! | H2: =IF('Ответы на форму (1)'!L2="Весу вытесненной жидкости", 1, 0) -> #ERROR! | I2: =IF('Ответы на форму (1)'!M2="Нейтральный (ноль)", 1, 0) -> #ERROR! | J2: =IF(LOWER(TRIM('Ответы на форму (1)'!N2))="фарадей", 1, 0) -> #ERROR! | K2: =IF('Ответы на форму (1)'!O2="300 000 км/с", 1, 0) -> #ERROR! | L2: =SUM(B2:K2) -> #ERROR! | M2: =IF(L2>=10, "Отлично", IF(L2>=8, "Хорошо", IF(L2>=6, "Удовлетворительно", "Неудовлетворительно"))) -> #ERROR!
A3: ='Ответы на форму (1)'!C3 -> Гарифуллин Карим Радикович | B3: =IF('Ответы на форму (1)'!F3="Энергия и работа", 1, 0) -> #ERROR! | C3: =IF('Ответы на форму (1)'!G3="Равнодействующая всех сил равна нулю", 1, 0) -> #ERROR! | D3: =IF('Ответы на форму (1)'!H3="I = U / R", 1, 0) -> #ERROR! | E3: =IF('Ответы на форму (1)'!I3="Изохорный", 1, 0) -> #ERROR! | F3: =IF('Ответы на форму (1)'!J3="Полное внутреннее отражение", 1, 0) -> #ERROR! | G3: =IF(LOWER(TRIM('Ответы на форму (1)'!K3))="импульс", 1, 0) -> #ERROR! | H3: =IF('Ответы на форму (1)'!L3="Весу вытесненной жидкости", 1, 0) -> #ERROR! | I3: =IF('Ответы на форму (1)'!M3="Нейтральный (ноль)", 1, 0) -> #ERROR! | J3: =IF(LOWER(TRIM('Ответы на форму (1)'!N3))="фарадей", 1, 0) -> #ERROR! | K3: =IF('Ответы на форму (1)'!O3="300 000 км/с", 1, 0) -> #ERROR! | L3: =SUM(B3:K3) -> #ERROR! | M3: =IF(L3>=10, "Отлично", IF(L3>=8, "Хорошо", IF(L3>=6, "Удовлетворительно", "Неудовлетворительно"))) -> #ERROR!
A4: ='Ответы на форму (1)'!C4 -> Нигматуллин Ильшат Шамилевич | B4: =IF('Ответы на форму (1)'!F4="Энергия и работа", 1, 0) -> #ERROR! | C4: =IF('Ответы на форму (1)'!G4="Равнодействующая всех сил равна нулю", 1, 0) -> #ERROR! | D4: =IF('Ответы на форму (1)'!H4="I = U / R", 1, 0) -> #ERROR! | E4: =IF('Ответы на форму (1)'!I4="Изохорный", 1, 0) -> #ERROR! | F4: =IF('Ответы на форму (1)'!J4="Полное внутреннее отражение", 1, 0) -> #ERROR! | G4: =IF(LOWER(TRIM('Ответы на форму (1)'!K4))="импульс", 1, 0) -> #ERROR! | H4: =IF('Ответы на форму (1)'!L4="Весу вытесненной жидкости", 1, 0) -> #ERROR! | I4: =IF('Ответы на форму (1)'!M4="Нейтральный (ноль)", 1, 0) -> #ERROR! | J4: =IF(LOWER(TRIM('Ответы на форму (1)'!N4))="фарадей", 1, 0) -> #ERROR! | K4: =IF('Ответы на форму (1)'!O4="300 000 км/с", 1, 0) -> #ERROR! | L4: =SUM(B4:K4) -> #ERROR! | M4: =IF(L4>=10, "Отлично", IF(L4>=8, "Хорошо", IF(L4>=6, "Удовлетворительно", "Неудовлетворительно"))) -> #ERROR!
A5: ='Ответы на форму (1)'!C5 -> Гайнетдинов Рустем Рашитович | B5: =IF('Ответы на форму (1)'!F5="Энергия и работа", 1, 0) -> #ERROR! | C5: =IF('Ответы на форму (1)'!G5="Равнодействующая всех сил равна нулю", 1, 0) -> #ERROR! | D5: =IF('Ответы на форму (1)'!H5="I = U / R", 1, 0) -> #ERROR! | E5: =IF('Ответы на форму (1)'!I5="Изохорный", 1, 0) -> #ERROR! | F5: =IF('Ответы на форму (1)'!J5="Полное внутреннее отражение", 1, 0) -> #ERROR! | G5: =IF(LOWER(TRIM('Ответы на форму (1)'!K5))="импульс", 1, 0) -> #ERROR! | H5: =IF('Ответы на форму (1)'!L5="Весу вытесненной жидкости", 1, 0) -> #ERROR! | I5: =IF('Ответы на форму (1)'!M5="Нейтральный (ноль)", 1, 0) -> #ERROR! | J5: =IF(LOWER(TRIM('Ответы на форму (1)'!N5))="фарадей", 1, 0) -> #ERROR! | K5: =IF('Ответы на форму (1)'!O5="300 000 км/с", 1, 0) -> #ERROR! | L5: =SUM(B5:K5) -> #ERROR! | M5: =IF(L5>=10, "Отлично", IF(L5>=8, "Хорошо", IF(L5>=6, "Удовлетворительно", "Неудовлетворительно"))) -> #ERROR!
A6: ='Ответы на форму (1)'!C6 -> Вагапов Руслан Фаритович | B6: =IF('Ответы на форму (1)'!F6="Энергия и работа", 1, 0) -> #ERROR! | C6: =IF('Ответы на форму (1)'!G6="Равнодействующая всех сил равна нулю", 1, 0) -> #ERROR! | D6: =IF('Ответы на форму (1)'!H6="I = U / R", 1, 0) -> #ERROR! | E6: =IF('Ответы на форму (1)'!I6="Изохорный", 1, 0) -> #ERROR! | F6: =IF('Ответы на форму (1)'!J6="Полное внутреннее отражение", 1, 0) -> #ERROR! | G6: =IF(LOWER(TRIM('Ответы на форму (1)'!K6))="импульс", 1, 0) -> #ERROR! | H6: =IF('Ответы на форму (1)'!L6="Весу вытесненной жидкости", 1, 0) -> #ERROR! | I6: =IF('Ответы на форму (1)'!M6="Нейтральный (ноль)", 1, 0) -> #ERROR! | J6: =IF(LOWER(TRIM('Ответы на форму (1)'!N6))="фарадей", 1, 0) -> #ERROR! | K6: =IF('Ответы на форму (1)'!O6="300 000 км/с", 1, 0) -> #ERROR! | L6: =SUM(B6:K6) -> #ERROR! | M6: =IF(L6>=10, "Отлично", IF(L6>=8, "Хорошо", IF(L6>=6, "Удовлетворительно", "Неудовлетворительно"))) -> #ERROR!
A7: ='Ответы на форму (1)'!C7 -> Баширов Артур Ринатович | B7: =IF('Ответы на форму (1)'!F7="Энергия и работа", 1, 0) -> #ERROR! | C7: =IF('Ответы на форму (1)'!G7="Равнодействующая всех сил равна нулю", 1, 0) -> #ERROR! | D7: =IF('Ответы на форму (1)'!H7="I = U / R", 1, 0) -> #ERROR! | E7: =IF('Ответы на форму (1)'!I7="Изохорный", 1, 0) -> #ERROR! | F7: =IF('Ответы на форму (1)'!J7="Полное внутреннее отражение", 1, 0) -> #ERROR! | G7: =IF(LOWER(TRIM('Ответы на форму (1)'!K7))="импульс", 1, 0) -> #ERROR! | H7: =IF('Ответы на форму (1)'!L7="Весу вытесненной жидкости", 1, 0) -> #ERROR! | I7: =IF('Ответы на форму (1)'!M7="Нейтральный (ноль)", 1, 0) -> #ERROR! | J7: =IF(LOWER(TRIM('Ответы на форму (1)'!N7))="фарадей", 1, 0) -> #ERROR! | K7: =IF('Ответы на форму (1)'!O7="300 000 км/с", 1, 0) -> #ERROR! | L7: =SUM(B7:K7) -> #ERROR! | M7: =IF(L7>=10, "Отлично", IF(L7>=8, "Хорошо", IF(L7>=6, "Удовлетворительно", "Неудовлетворительно"))) -> #ERROR!
A8: ='Ответы на форму (1)'!C8 -> Аскаров Руслан Маратович | B8: =IF('Ответы на форму (1)'!F8="Энергия и работа", 1, 0) -> #ERROR! | C8: =IF('Ответы на форму (1)'!G8="Равнодействующая всех сил равна нулю", 1, 0) -> #ERROR! | D8: =IF('Ответы на форму (1)'!H8="I = U / R", 1, 0) -> #ERROR! | E8: =IF('Ответы на форму (1)'!I8="Изохорный", 1, 0) -> #ERROR! | F8: =IF('Ответы на форму (1)'!J8="Полное внутреннее отражение", 1, 0) -> #ERROR! | G8: =IF(LOWER(TRIM('Ответы на форму (1)'!K8))="импульс", 1, 0) -> #ERROR! | H8: =IF('Ответы на форму (1)'!L8="Весу вытесненной жидкости", 1, 0) -> #ERROR! | I8: =IF('Ответы на форму (1)'!M8="Нейтральный (ноль)", 1, 0) -> #ERROR! | J8: =IF(LOWER(TRIM('Ответы на форму (1)'!N8))="фарадей", 1, 0) -> #ERROR! | K8: =IF('Ответы на форму (1)'!O8="300 000 км/с", 1, 0) -> #ERROR! | L8: =SUM(B8:K8) -> #ERROR! | M8: =IF(L8>=10, "Отлично", IF(L8>=8, "Хорошо", IF(L8>=6, "Удовлетворительно", "Неудовлетворительно"))) -> #ERROR!
A9: ='Ответы на форму (1)'!C9 -> Смирнов Алексей Викторович | B9: =IF('Ответы на форму (1)'!F9="Энергия и работа", 1, 0) -> #ERROR! | C9: =IF('Ответы на форму (1)'!G9="Равнодействующая всех сил равна нулю", 1, 0) -> #ERROR! | D9: =IF('Ответы на форму (1)'!H9="I = U / R", 1, 0) -> #ERROR! | E9: =IF('Ответы на форму (1)'!I9="Изохорный", 1, 0) -> #ERROR! | F9: =IF('Ответы на форму (1)'!J9="Полное внутреннее отражение", 1, 0) -> #ERROR! | G9: =IF(LOWER(TRIM('Ответы на форму (1)'!K9))="импульс", 1, 0) -> #ERROR! | H9: =IF('Ответы на форму (1)'!L9="Весу вытесненной жидкости", 1, 0) -> #ERROR! | I9: =IF('Ответы на форму (1)'!M9="Нейтральный (ноль)", 1, 0) -> #ERROR! | J9: =IF(LOWER(TRIM('Ответы на форму (1)'!N9))="фарадей", 1, 0) -> #ERROR! | K9: =IF('Ответы на форму (1)'!O9="300 000 км/с", 1, 0) -> #ERROR! | L9: =SUM(B9:K9) -> #ERROR! | M9: =IF(L9>=10, "Отлично", IF(L9>=8, "Хорошо", IF(L9>=6, "Удовлетворительно", "Неудовлетворительно"))) -> #ERROR!
A10: ='Ответы на форму (1)'!C10 -> Кузнецов Дмитрий Сергеевич | B10: =IF('Ответы на форму (1)'!F10="Энергия и работа", 1, 0) -> #ERROR! | C10: =IF('Ответы на форму (1)'!G10="Равнодействующая всех сил равна нулю", 1, 0) -> #ERROR! | D10: =IF('Ответы на форму (1)'!H10="I = U / R", 1, 0) -> #ERROR! | E10: =IF('Ответы на форму (1)'!I10="Изохорный", 1, 0) -> #ERROR! | F10: =IF('Ответы на форму (1)'!J10="Полное внутреннее отражение", 1, 0) -> #ERROR! | G10: =IF(LOWER(TRIM('Ответы на форму (1)'!K10))="импульс", 1, 0) -> #ERROR! | H10: =IF('Ответы на форму (1)'!L10="Весу вытесненной жидкости", 1, 0) -> #ERROR! | I10: =IF('Ответы на форму (1)'!M10="Нейтральный (ноль)", 1, 0) -> #ERROR! | J10: =IF(LOWER(TRIM('Ответы на форму (1)'!N10))="фарадей", 1, 0) -> #ERROR! | K10: =IF('Ответы на форму (1)'!O10="300 000 км/с", 1, 0) -> #ERROR! | L10: =SUM(B10:K10) -> #ERROR! | M10: =IF(L10>=10, "Отлично", IF(L10>=8, "Хорошо", IF(L10>=6, "Удовлетворительно", "Неудовлетворительно"))) -> #ERROR!
A11: ='Ответы на форму (1)'!C11 -> Васильев Игорь Петрович | B11: =IF('Ответы на форму (1)'!F11="Энергия и работа", 1, 0) -> #ERROR! | C11: =IF('Ответы на форму (1)'!G11="Равнодействующая всех сил равна нулю", 1, 0) -> #ERROR! | D11: =IF('Ответы на форму (1)'!H11="I = U / R", 1, 0) -> #ERROR! | E11: =IF('Ответы на форму (1)'!I11="Изохорный", 1, 0) -> #ERROR! | F11: =IF('Ответы на форму (1)'!J11="Полное внутреннее отражение", 1, 0) -> #ERROR! | G11: =IF(LOWER(TRIM('Ответы на форму (1)'!K11))="импульс", 1, 0) -> #ERROR! | H11: =IF('Ответы на форму (1)'!L11="Весу вытесненной жидкости", 1, 0) -> #ERROR! | I11: =IF('Ответы на форму (1)'!M11="Нейтральный (ноль)", 1, 0) -> #ERROR! | J11: =IF(LOWER(TRIM('Ответы на форму (1)'!N11))="фарадей", 1, 0) -> #ERROR! | K11: =IF('Ответы на форму (1)'!O11="300 000 км/с", 1, 0) -> #ERROR! | L11: =SUM(B11:K11) -> #ERROR! | M11: =IF(L11>=10, "Отлично", IF(L11>=8, "Хорошо", IF(L11>=6, "Удовлетворительно", "Неудовлетворительно"))) -> #ERROR!
A12: СРЕДНИЙ БАЛЛ ПО ГРУППЕ: | L12: =AVERAGE(L2:L11) -> #ERROR!
