Workbook

Sheet Сводка и Ответы
B2: ПРАКТИЧЕСКАЯ РАБОТА № 3 — СВОДНЫЕ РЕЗУЛЬТАТЫ
B3: Последовательное соединение элементов в систему (расчет количественных характеристик надежности)
B4: Дисциплина: Надежность автоматизированных систем (НАС) | Преподаватель: Ризванов | Выполнил: Студент Гайнанов Д.И.
B6: 1. РЕЗУЛЬТАТЫ РЕШЕНИЯ ЗАДАЧ ДЛЯ САМОСТОЯТЕЛЬНОГО РЕШЕНИЯ (№ 8 – 13)
B7: № задачи | C7: Краткое условие задачи | D7: Определяемый показатель | E7: Математическая формула | F7: Результат вычислений | G7: Ед. изм. | H7: Ссылка на решение | I7: Статус
B8: Задача 8 | C8: n=2000, λср=0.33·10⁻⁵ ч⁻¹, t=200 ч. Найти Pc(200) | D8: Pc(200) | E8: Pc = exp(-n · λср · t) | F8: ='Задачи 8-13'!E19 | G8: — | H8: Смотреть | I8: Решено
B9: Задача 8 (2) | C9: Та же задача, средняя наработка системы mtc | D9: mtc | E9: mtc = 1 / (n · λср) | F9: ='Задачи 8-13'!E21 | G9: ч | H9: Смотреть | I9: Решено
B10: Задача 9 | C10: ЭВМ из 200000 элементов, λср=0.2·10⁻⁶ ч⁻¹, сутки (t=24 ч) | D10: Pc(24) | E10: Pc = exp(-n · λср · 24) | F10: ='Задачи 8-13'!E38 | G10: — | H10: Смотреть | I10: Решено
B11: Задача 9 (2) | C11: Та же задача, средняя наработка ЭВМ mtc | D11: mtc | E11: mtc = 1 / (n · λср) | F11: ='Задачи 8-13'!E40 | G11: ч | H11: Смотреть | I11: Решено
B12: Задача 10 | C12: n=6000, λср=0.16·10⁻⁶ ч⁻¹, t=50 ч. Найти Pc(50) | D12: Pc(50) | E12: Pc = exp(-n · λср · t) | F12: ='Задачи 8-13'!E57 | G12: — | H12: Смотреть | I12: Решено
B13: Задача 10 (2) | C13: Та же задача, средняя наработка системы mtc | D13: mtc | E13: mtc = 1 / (n · λср) | F13: ='Задачи 8-13'!E59 | G13: ч | H13: Смотреть | I13: Решено
B14: Задача 11 | C14: Прибор из 5 узлов (Pi = {0.98, 0.99, 0.998, 0.975, 0.985}) | D14: Pc (точная) | E14: Pc = Π Pi | F14: ='Задачи 8-13'!E76 | G14: — | H14: Смотреть | I14: Решено
B15: Задача 11 (2) | C15: Та же задача, приближенное значение по формуле (3.18) | D15: Pc (прибл.) | E15: Pc ≈ 1 - Σ(1 - Pi) | F15: ='Задачи 8-13'!E78 | G15: — | H15: Смотреть | I15: Решено
B16: Задача 12 | C16: Система из 5 приборов (mti = {83, 220, 280, 400, 700} ч) | D16: λc | E16: λc = Σ(1/mti) | F16: ='Задачи 8-13'!F93 | G16: 1/ч | H16: Смотреть | I16: Решено
B17: Задача 12 (2) | C17: Та же задача, средняя наработка системы mtc | D17: mtc | E17: mtc = 1 / λc | F17: ='Задачи 8-13'!E97 | G17: ч | H17: Смотреть | I17: Решено
B18: Задача 13 | C18: 5 блоков с Pi={0.98..0.985} за 50 ч. Найти mtc прибора | D18: mtc (точная) | E18: mtc = -t / ln(Pc) | F18: ='Задачи 8-13'!E117 | G18: ч | H18: Смотреть | I18: Решено
B19: Задача 13 (2) | C19: Та же задача, приближенное значение mtc по (3.18) | D19: mtc (прибл.) | E19: mtc ≈ t / Σ qi | F19: ='Задачи 8-13'!E118 | G19: ч | H19: Смотреть | I19: Решено
B22: 2. РЕЗУЛЬТАТЫ РЕШЕНИЯ ТИПОВЫХ ЗАДАЧ ИЗ ПРЕЗЕНТАЦИИ (№ 1 – 7)
B23: № задачи | C23: Тема / Объект расчета | D23: Ключевые исходные данные | E23: Искомый параметр | F23: Результат вычислений | G23: Ед. изм. | H23: Сверка со слайдом | I23: Ссылка
B24: Задача 1 | C24: 3 устройства (разные λ(t)) | D24: λ1=const, λ2=k2·t, λ3=k3·t^2.6, t=100 ч | E24: Pc(100) | F24: ='Задачи 1-7'!E22 | G24: — | H24: Pc=0.8543 (на слайде 0.33) | I24: Смотреть
B25: Задача 2 | C25: 3 блока (mt1=160, mt2=320, mt3=600 ч) | D25: Экспоненциальный закон надежности | E25: mtc | F25: ='Задачи 1-7'!E41 | G25: ч | H25: mtc=90.57 ч ≈ 91 ч (Совпадает) | I25: Смотреть
B26: Задача 3 | C26: Система из 12600 элементов | D26: λср=0.32·10⁻⁶ ч⁻¹, t=50 ч | E26: Pc(50), mtc | F26: ='Задачи 1-7'!E57 | G26: — | H26: Pc=0.8174; mtc=248 ч (Совпадает) | I26: Смотреть
B27: Задача 4 | C27: 2 устройства (P1=0.95, P2=0.97) | D27: t=100 ч, экспоненциальный закон | E27: mtc | F27: ='Задачи 1-7'!E77 | G27: ч | H27: mtc=1223 ч ≈ 1200 ч (Совпадает) | I27: Смотреть
B28: Задача 5 | C28: Система из 100 элементов (P=0.9997) | D28: Приближенный расчет по формуле (3.18) | E28: Pc(t) | F28: ='Задачи 1-7'!E92 | G28: — | H28: Pc=0.9700 (Совпадает) | I28: Смотреть
B29: Задача 6 | C29: Определение Pi(t) по Pc=0.95 (n=120) | D29: Приближенный расчет по формуле (3.18) | E29: Pi(t) | F29: ='Задачи 1-7'!E108 | G29: — | H29: Pi=0.9996 (Совпадает) | I29: Смотреть
B30: Задача 7 | C30: Система из 12600 элементов | D30: λср=0.32·10⁻⁶ ч⁻¹, t=50 ч | E30: Pc(50) | F30: ='Задачи 1-7'!E125 | G30: — | H30: Pc=0.8174 ≈ 0.82 (Совпадает) | I30: Смотреть

Sheet Задачи 8-13
B2: ЗАДАЧИ ДЛЯ САМОСТОЯТЕЛЬНОГО РЕШЕНИЯ (№ 8 – 13)
B3: Практическая работа № 3. Последовательное соединение элементов в систему
B4: Все расчеты выполнены формулами Excel со ссылками на ячейки исходных данных
B6: ЗАДАЧА № 8. Аппаратура связи из 2000 элементов (t = 200 ч)
B7: Условие: Аппаратура связи состоит из 2000 элементов, средняя интенсивность отказов которых λср = 0,33∙10⁻⁵ ч⁻¹. Определить вероятность безотказной работы аппаратуры в течение t = 200 ч и среднее время безотказной работы.
B9: Таблица 1. Исходные данные задачи
B10: Наименование параметра | C10: Обозначение | D10: Значение | E10: Ед. изм. | F10: Пояснение
B11: Число элементов аппаратуры | C11: n | D11: 2000 | E11: шт. | F11: Последовательное соединение узлов
B12: Средняя интенсивность отказов элемента | C12: l_elem | D12: 3.3e-06 | E12: 1/ч | F12: λср = 0.33·10⁻⁵ ч⁻¹ = 3.3·10⁻⁶ ч⁻¹
B13: Время наработки | C13: t | D13: 200 | E13: ч | F13: t = 200 ч
B15: Таблица 2. Расчет показателей надежности
B16: Определяемый показатель | C16: Обозначение | D16: Математическая формула | E16: Значение (Excel) | F16: Ед. изм. | G16: Пояснение
B17: Интенсивность отказов системы | C17: lc | D17: n · λср | E17: =D11*D12 | F17: 1/ч | G17: λc = 2000 · 0.33·10⁻⁵ = 0.0066 ч⁻¹
B18: Показатель экспоненты (λc · t) | C18: lct | D18: λc · t | E18: =E17*D13 | F18: — | G18: λc · t = 0.0066 · 200 = 1.3200
B19: Вероятность безотказной работы | C19: Pc_200 | D19: EXP(-λc · t) | E19: =EXP(-E18) | F19: — | G19: Pc(200) = exp(-1.32) ≈ 0.2671 (26.71%)
B20: Вероятность отказа аппаратуры | C20: qc_200 | D20: 1 - Pc(t) | E20: =1-E19 | F20: — | G20: qc(200) = 1 - 0.2671 = 0.7329 (73.29%)
B21: Среднее время безотказной работы | C21: mtc | D21: 1 / λc | E21: =1/E17 | F21: ч | G21: mtc = 1 / 0.0066 ≈ 151.52 ч
B22: ВЫВОД / ОТВЕТ: Результаты: интенсивность отказов λc = 0,0066 1/ч; вероятность безотказной работы Pc(200) = 0,2671 (26,71%); средняя наработка mtc = 151,52 ч.
B25: ЗАДАЧА № 9. Невосстанавливаемая ЭВМ из 200000 элементов (t = 24 ч)
B26: Условие: Невосстанавливаемая в процессе работы электронная машина состоит из 200000 элементов, средняя интенсивность отказов которых λср = 0,2∙10⁻⁶ ч⁻¹. Определить вероятность безотказной работы в течение суток (t = 24 ч) и среднее время безотказной работы.
B28: Таблица 1. Исходные данные задачи
B29: Наименование параметра | C29: Обозначение | D29: Значение | E29: Ед. изм. | F29: Пояснение
B30: Число элементов ЭВМ | C30: n | D30: 200000 | E30: шт. | F30: Последовательная структура
B31: Интенсивность отказов элемента | C31: l_elem | D31: 2e-07 | E31: 1/ч | F31: λср = 0.2·10⁻⁶ ч⁻¹
B32: Время непрерывной работы (сутки) | C32: t | D32: 24 | E32: ч | F32: Суточный интервал t = 24 ч
B34: Таблица 2. Расчет показателей надежности
B35: Определяемый показатель | C35: Обозначение | D35: Математическая формула | E35: Значение (Excel) | F35: Ед. изм. | G35: Пояснение
B36: Интенсивность отказов машины | C36: lc | D36: n · λср | E36: =D30*D31 | F36: 1/ч | G36: λc = 200000 · 0.2·10⁻⁶ = 0.04 ч⁻¹
B37: Показатель степени (λc · t) | C37: lct | D37: λc · t | E37: =E36*D32 | F37: — | G37: λc · t = 0.04 · 24 = 0.9600
B38: Вероятность безотказной работы | C38: Pc_24 | D38: EXP(-λc · t) | E38: =EXP(-E37) | F38: — | G38: Pc(24) = exp(-0.96) ≈ 0.3829 (38.29%)
B39: Вероятность отказа машины | C39: qc_24 | D39: 1 - Pc(t) | E39: =1-E38 | F39: — | G39: qc(24) = 1 - 0.3829 = 0.6171 (61.71%)
B40: Среднее время безотказной работы | C40: mtc | D40: 1 / λc | E40: =1/E36 | F40: ч | G40: mtc = 1 / 0.04 = 25.00 ч
B41: ВЫВОД / ОТВЕТ: Результаты: суточная интенсивность отказов λc = 0,04 1/ч; вероятность безотказной работы за сутки Pc(24) = 0,3829 (38,29%); средняя наработка mtc = 25,00 ч.
B44: ЗАДАЧА № 10. Система управления из 6000 элементов (t = 50 ч)
B45: Условие: Система управления состоит из 6000 элементов, средняя интенсивность отказов которых λср = 0,16∙10⁻⁶ ч⁻¹. Определить вероятность безотказной работы в течение t = 50 ч и среднее время безотказной работы.
B47: Таблица 1. Исходные данные задачи
B48: Наименование параметра | C48: Обозначение | D48: Значение | E48: Ед. изм. | F48: Пояснение
B49: Число элементов системы | C49: n | D49: 6000 | E49: шт. | F49: Последовательное соединение
B50: Интенсивность отказов элемента | C50: l_elem | D50: 1.6e-07 | E50: 1/ч | F50: λср = 0.16·10⁻⁶ ч⁻¹
B51: Время наработки | C51: t | D51: 50 | E51: ч | F51: t = 50 ч
B53: Таблица 2. Расчет показателей надежности
B54: Определяемый показатель | C54: Обозначение | D54: Математическая формула | E54: Значение (Excel) | F54: Ед. изм. | G54: Пояснение
B55: Интенсивность отказов системы | C55: lc | D55: n · λср | E55: =D49*D50 | F55: 1/ч | G55: λc = 6000 · 0.16·10⁻⁶ = 0.00096 ч⁻¹
B56: Показатель степени (λc · t) | C56: lct | D56: λc · t | E56: =E55*D51 | F56: — | G56: λc · t = 0.00096 · 50 = 0.0480
B57: Вероятность безотказной работы | C57: Pc_50 | D57: EXP(-λc · t) | E57: =EXP(-E56) | F57: — | G57: Pc(50) = exp(-0.048) ≈ 0.9531 (95.31%)
B58: Вероятность отказа системы | C58: qc_50 | D58: 1 - Pc(t) | E58: =1-E57 | F58: — | G58: qc(50) = 1 - 0.9531 = 0.0469 (4.69%)
B59: Среднее время безотказной работы | C59: mtc | D59: 1 / λc | E59: =1/E55 | F59: ч | G59: mtc = 1 / 0.00096 = 1041.67 ч
B60: ВЫВОД / ОТВЕТ: Результаты: интенсивность отказов λc = 0,00096 1/ч; вероятность безотказной работы Pc(50) = 0,9531 (95,31%); среднее время безотказной работы mtc = 1041,67 ч.
B63: ЗАДАЧА № 11. Надежность прибора из 5 разнонадежных узлов
B64: Условие: Прибор состоит из n = 5 узлов с вероятностями безотказной работы P1 = 0,98; P2 = 0,99; P3 = 0,998; P4 = 0,975; P5 = 0,985. Определить вероятность безотказной работы прибора.
B66: Таблица 1. Исходные данные задачи
B67: Наименование параметра | C67: Обозначение | D67: Значение | E67: Ед. изм. | F67: Пояснение
B68: Вероятность узла 1 | C68: P1 | D68: 0.98 | E68: — | F68: P1(t) = 0.98
B69: Вероятность узла 2 | C69: P2 | D69: 0.99 | E69: — | F69: P2(t) = 0.99
B70: Вероятность узла 3 | C70: P3 | D70: 0.998 | E70: — | F70: P3(t) = 0.998
B71: Вероятность узла 4 | C71: P4 | D71: 0.975 | E71: — | F71: P4(t) = 0.975
B72: Вероятность узла 5 | C72: P5 | D72: 0.985 | E72: — | F72: P5(t) = 0.985
B74: Таблица 2. Расчет показателей надежности
B75: Определяемый показатель | C75: Обозначение | D75: Математическая формула | E75: Значение (Excel) | F75: Ед. изм. | G75: Пояснение
B76: Точная вероятность прибора | C76: Pc_exact | D76: P1 · P2 · P3 · P4 · P5 | E76: =D68*D69*D70*D71*D72 | F76: — | G76: Pc = 0.98·0.99·0.998·0.975·0.985 ≈ 0.9301
B77: Суммарная вероятность отказа узлов | C77: sum_q | D77: Σ qi = Σ(1 - Pi) | E77: =(1-D68)+(1-D69)+(1-D70)+(1-D71)+(1-D72) | F77: — | G77: Σ qi = 0.02 + 0.01 + 0.002 + 0.025 + 0.015 = 0.072
B78: Приближенная вероятность по (3.18) | C78: Pc_approx | D78: 1 - Σ qi | E78: =1-E77 | F78: — | G78: Pc ≈ 1 - 0.072 = 0.9280
B79: Вероятность отказа прибора | C79: qc | D79: 1 - Pc_exact | E79: =1-E76 | F79: — | G79: qc = 1 - 0.9301 = 0.0699 (6.99%)
B80: ВЫВОД / ОТВЕТ: Результаты: точная вероятность безотказной работы Pc = 0,9301 (93,01%); приближенная по формуле (3.18) Pc ≈ 0,9280. Погрешность приближения составляет менее 0,23%.
B83: ЗАДАЧА № 12. Система из 5 приборов с известными средними наработками
B84: Условие: Система состоит из пяти приборов, среднее время безотказной работы которых равно: mt1 = 83 ч, mt2 = 220 ч, mt3 = 280 ч, mt4 = 400 ч, mt5 = 700 ч. Экспоненциальный закон надежности. Найти среднее время безотказной работы системы mtc.
B86: Таблица 1. Исходные параметры приборов
B87: № | C87: Обозначение | D87: Наработка mti | E87: Ед. изм. | F87: Интенсивность λi = 1/mti | G87: Пояснение
B88: Прибор 1 | C88: mt1 | D88: 83 | E88: ч | F88: =1/D88 | G88: Наименее надежный элемент
B89: Прибор 2 | C89: mt2 | D89: 220 | E89: ч | F89: =1/D89 | G89: Прибор 2
B90: Прибор 3 | C90: mt3 | D90: 280 | E90: ч | F90: =1/D90 | G90: Прибор 3
B91: Прибор 4 | C91: mt4 | D91: 400 | E91: ч | F91: =1/D91 | G91: Прибор 4
B92: Прибор 5 | C92: mt5 | D92: 700 | E92: ч | F92: =1/D92 | G92: Наиболее надежный элемент
B93: Суммарная интенсивность отказов системы λc = Σ λi : | F93: =SUM(F88:F92) | G93: 1/ч (λc ≈ 0.024094 ч⁻¹)
B95: Таблица 2. Расчет средней наработки системы
B96: Определяемый показатель | C96: Обозначение | D96: Математическая формула | E96: Значение (Excel) | F96: Ед. изм. | G96: Пояснение
B97: Среднее время безотказной работы системы | C97: mtc | D97: 1 / λc | E97: =1/F93 | F97: ч | G97: mtc = 1 / 0.024094 ≈ 41.50 ч
B98: ВЫВОД / ОТВЕТ: Интенсивность отказов системы λc = 0,024094 1/ч; среднее время безотказной работы системы mtc = 41,50 ч.
B101: ЗАДАЧА № 13. Среднее время безотказной работы прибора из 5 блоков (t = 50 ч)
B102: Условие: Прибор состоит из пяти блоков. Вероятности безотказной работы блоков за t = 50 ч: P1 = 0,98; P2 = 0,99; P3 = 0,998; P4 = 0,975; P5 = 0,985. Экспоненциальный закон. Найти mtc прибора.
B104: Таблица 1. Исходные данные задачи
B105: Наименование параметра | C105: Обозначение | D105: Значение | E105: Ед. изм. | F105: Пояснение
B106: Вероятность блока 1 (50 ч) | C106: P1 | D106: 0.98 | E106: — | F106: P1(50) = 0.98
B107: Вероятность блока 2 (50 ч) | C107: P2 | D107: 0.99 | E107: — | F107: P2(50) = 0.99
B108: Вероятность блока 3 (50 ч) | C108: P3 | D108: 0.998 | E108: — | F108: P3(50) = 0.998
B109: Вероятность блока 4 (50 ч) | C109: P4 | D109: 0.975 | E109: — | F109: P4(50) = 0.975
B110: Вероятность блока 5 (50 ч) | C110: P5 | D110: 0.985 | E110: — | F110: P5(50) = 0.985
B111: Время наработки | C111: t | D111: 50 | E111: ч | F111: Контрольная точка t = 50 ч
B113: Таблица 2. Расчет показателей надежности
B114: Определяемый показатель | C114: Обозначение | D114: Математическая формула | E114: Значение (Excel) | F114: Ед. изм. | G114: Пояснение
B115: Вероятность безотказной работы Pc(50) | C115: Pc_50 | D115: Π Pi | E115: =D106*D107*D108*D109*D110 | F115: — | G115: Pc(50) = 0.98·0.99·0.998·0.975·0.985 ≈ 0.9301
B116: Интенсивность отказов прибора λc | C116: lc | D116: -LN(Pc) / t | E116: =-LN(E115)/D111 | F116: 1/ч | G116: λc = -ln(0.930058)/50 ≈ 0.001450 ч⁻¹
B117: Среднее время безотказной работы mtc | C117: mtc | D117: 1 / λc | E117: =1/E116 | F117: ч | G117: mtc = 1 / 0.0014502 ≈ 689.57 ч
B118: Приближенное значение mtc по (3.18) | C118: mtc_appr | D118: t / Σ qi | E118: =D111/((1-D106)+(1-D107)+(1-D108)+(1-D109)+(1-D110)) | F118: ч | G118: mtc ≈ 50 / 0.072 ≈ 694.44 ч
B119: ВЫВОД / ОТВЕТ: Результаты: вероятность за 50 ч Pc(50) = 0,9301; интенсивность отказов λc = 0,001450 1/ч (1,45·10⁻³ ч⁻¹); точное среднее время безотказной работы прибора mtc = 689,57 ч (приближенное по формуле (3.18) mtc ≈ 694,44 ч).

Sheet Задачи 1-7
B2: ТИПОВЫЕ ЗАДАЧИ С РЕШЕНИЕМ ИЗ ПРЕЗЕНТАЦИИ (№ 1 – 7)
B3: Практическая работа № 3. Примеры расчета показателей надежности последовательных систем
B4: Полное соответствие слайдам 14–17 презентации лекций
B6: ЗАДАЧА № 1. Система из трех устройств (электронного и двух электромеханических)
B7: Условие: λ1 = 0,16∙10⁻³ ч⁻¹ (const); λ2(t) = 0,23∙10⁻⁴∙t ч⁻¹; λ3(t) = 0,06∙10⁻⁶∙t^2,6 ч⁻¹. Найти Pc(100) при t = 100 ч.
B9: Таблица 1. Исходные данные задачи
B10: Наименование параметра | C10: Обозначение | D10: Значение | E10: Ед. изм. | F10: Пояснение
B11: Интенсивность устройства 1 | C11: l1 | D11: 0.00016 | E11: 1/ч | F11: λ1 = const
B12: Коэффициент устройства 2 | C12: k2 | D12: 2.3e-05 | E12: 1/ч² | F12: λ2(t) = k2 · t
B13: Коэффициент устройства 3 | C13: k3 | D13: 6e-08 | E13: 1/ч^3.6 | F13: λ3(t) = k3 · t^2.6
B14: Время наработки | C14: t | D14: 100 | E14: ч | F14: t = 100 ч
B16: Таблица 2. Расчет показателей надежности
B17: Определяемый показатель | C17: Обозначение | D17: Математическая формула | E17: Значение (Excel) | F17: Ед. изм. | G17: Пояснение
B18: Интеграл интенсивности 1 | C18: int1 | D18: λ1 · t | E18: =D11*D14 | F18: — | G18: ∫λ1 dt = 0.16·10⁻³ · 100 = 0.0160
B19: Интеграл интенсивности 2 | C19: int2 | D19: k2 · t² / 2 | E19: =D12*(D14^2)/2 | F19: — | G19: ∫λ2 dt = 0.23·10⁻⁴ · 10000 / 2 = 0.1150
B20: Интеграл интенсивности 3 | C20: int3 | D20: k3 · t^3.6 / 3.6 | E20: =D13*(D14^3.6)/3.6 | F20: — | G20: ∫λ3 dt = 0.06·10⁻⁶ · 100^3.6 / 3.6 ≈ 0.0264
B21: Суммарный интеграл | C21: sum_int | D21: int1 + int2 + int3 | E21: =E18+E19+E20 | F21: — | G21: Σ ∫λi dt = 0.016 + 0.115 + 0.0264 = 0.1574
B22: Вероятность безотказной работы Pc(100) | C22: Pc_100 | D22: EXP(-Σ ∫λi dt) | E22: =EXP(-E21) | F22: — | G22: Pc(100) = exp(-0.1574) ≈ 0.8543
B23: ВЫВОД / ОТВЕТ: Вероятность безотказной работы изделия за 100 ч составляет Pc(100) = 0,8543 (на слайде 14 приближенно указано 0,33).
B26: ЗАДАЧА № 2. Система из трех блоков (mt1 = 160 ч, mt2 = 320 ч, mt3 = 600 ч)
B27: Условие: Система состоит из трех блоков с mt1 = 160 ч, mt2 = 320 ч, mt3 = 600 ч. Экспоненциальный закон надежности. Найти mtc системы.
B29: Таблица 1. Исходные данные задачи
B30: Наименование параметра | C30: Обозначение | D30: Значение | E30: Ед. изм. | F30: Пояснение
B31: Наработка блока 1 | C31: mt1 | D31: 160 | E31: ч | F31: Блок 1
B32: Наработка блока 2 | C32: mt2 | D32: 320 | E32: ч | F32: Блок 2
B33: Наработка блока 3 | C33: mt3 | D33: 600 | E33: ч | F33: Блок 3
B35: Таблица 2. Расчет показателей надежности
B36: Определяемый показатель | C36: Обозначение | D36: Математическая формула | E36: Значение (Excel) | F36: Ед. изм. | G36: Пояснение
B37: Интенсивность блока 1 | C37: l1 | D37: 1 / mt1 | E37: =1/D31 | F37: 1/ч | G37: λ1 = 1/160 = 0.006250 ч⁻¹
B38: Интенсивность блока 2 | C38: l2 | D38: 1 / mt2 | E38: =1/D32 | F38: 1/ч | G38: λ2 = 1/320 = 0.003125 ч⁻¹
B39: Интенсивность блока 3 | C39: l3 | D39: 1 / mt3 | E39: =1/D33 | F39: 1/ч | G39: λ3 = 1/600 ≈ 0.001667 ч⁻¹
B40: Интенсивность системы λc | C40: lc | D40: λ1 + λ2 + λ3 | E40: =E37+E38+E39 | F40: 1/ч | G40: λc = 0.00625 + 0.003125 + 0.001667 ≈ 0.011042 ч⁻¹
B41: Среднее время безотказной работы mtc | C41: mtc | D41: 1 / λc | E41: =1/E40 | F41: ч | G41: mtc = 1 / 0.011042 ≈ 90.57 ч (в слайде округлено до 91 ч)
B42: ВЫВОД / ОТВЕТ: Результаты: интенсивность отказов λc = 0,011042 1/ч; средняя наработка системы mtc = 90,57 ч ≈ 91 ч (полное совпадение со слайдом 14).
B45: ЗАДАЧА № 3. Система из 12600 элементов (t = 50 ч)
B46: Условие: n = 12600 элементов, λср = 0,32∙10⁻⁶ ч⁻¹, t = 50 ч. Определить Pc(t), qc(t), fc(t), mtc.
B48: Таблица 1. Исходные данные задачи
B49: Наименование параметра | C49: Обозначение | D49: Значение | E49: Ед. изм. | F49: Пояснение
B50: Число элементов | C50: n | D50: 12600 | E50: шт. | F50: Последовательная цепь
B51: Интенсивность элемента | C51: l_elem | D51: 3.2e-07 | E51: 1/ч | F51: λср = 0.32·10⁻⁶ ч⁻¹
B52: Время наработки | C52: t | D52: 50 | E52: ч | F52: t = 50 ч
B54: Таблица 2. Расчет показателей надежности
B55: Определяемый показатель | C55: Обозначение | D55: Математическая формула | E55: Значение (Excel) | F55: Ед. изм. | G55: Пояснение
B56: Интенсивность системы λc | C56: lc | D56: n · λср | E56: =D50*D51 | F56: 1/ч | G56: λc = 12600 · 0.32·10⁻⁶ = 0.004032 ч⁻¹
B57: Вероятность безотказной работы Pc(50) | C57: Pc_50 | D57: EXP(-λc · t) | E57: =EXP(-E56*D52) | F57: — | G57: Pc(50) = exp(-0.2016) ≈ 0.8174 (по слайду ≈ 0.82)
B58: Вероятность отказа qc(50) | C58: qc_50 | D58: 1 - Pc(t) | E58: =1-E57 | F58: — | G58: qc(50) = 1 - 0.8174 = 0.1826 (по слайду ≈ 0.18)
B59: Частота отказов fc(50) | C59: fc_50 | D59: λc · Pc(t) | E59: =E56*E57 | F59: 1/ч | G59: fc(50) = 0.004032 · 0.8174 ≈ 0.003296 ч⁻¹ (3.28·10⁻³ ч⁻¹)
B60: Среднее время безотказной работы mtc | C60: mtc | D60: 1 / λc | E60: =1/E56 | F60: ч | G60: mtc = 1 / 0.004032 ≈ 248.02 ч (по слайду ≈ 250 ч)
B61: ВЫВОД / ОТВЕТ: Результаты: Pc(50) = 0,8174; qc(50) = 0,1826; fc(50) = 0,003296 1/ч; mtc = 248,02 ч (совпадение со слайдом 15).
B64: ЗАДАЧА № 4. Система из двух устройств (P1 = 0,95; P2 = 0,97 при t = 100 ч)
B65: Условие: P1(100) = 0,95; P2(100) = 0,97. Экспоненциальный закон надежности. Найти среднее время безотказной работы системы mtc.
B67: Таблица 1. Исходные данные задачи
B68: Наименование параметра | C68: Обозначение | D68: Значение | E68: Ед. изм. | F68: Пояснение
B69: Вероятность устройства 1 | C69: P1 | D69: 0.95 | E69: — | F69: P1(100) = 0.95
B70: Вероятность устройства 2 | C70: P2 | D70: 0.97 | E70: — | F70: P2(100) = 0.97
B71: Время наработки | C71: t | D71: 100 | E71: ч | F71: t = 100 ч
B73: Таблица 2. Расчет показателей надежности
B74: Определяемый показатель | C74: Обозначение | D74: Математическая формула | E74: Значение (Excel) | F74: Ед. изм. | G74: Пояснение
B75: Вероятность безотказной работы Pc(100) | C75: Pc_100 | D75: P1 · P2 | E75: =D69*D70 | F75: — | G75: Pc(100) = 0.95 · 0.97 = 0.9215 (по слайду 0.92)
B76: Интенсивность отказов изделия λc | C76: lc | D76: -LN(Pc) / t | E76: =-LN(E75)/D71 | F76: 1/ч | G76: λc = -ln(0.9215)/100 ≈ 0.000817 ч⁻¹ (0.83·10⁻³ ч⁻¹ по табл.)
B77: Среднее время безотказной работы mtc | C77: mtc | D77: 1 / λc | E77: =1/E76 | F77: ч | G77: mtc = 1 / 0.000817 ≈ 1223.3 ч (по слайду ≈ 1200 ч)
B78: ВЫВОД / ОТВЕТ: Результаты: Pc(100) = 0,9215; интенсивность отказов λc = 0,817·10⁻³ 1/ч; среднее время безотказной работы mtc ≈ 1223 ч (по слайдам 15–16 округленно 1200 ч).
B81: ЗАДАЧА № 5. Приближенный расчет надежности системы из 100 элементов (P = 0,9997)
B82: Условие: P(t) = 0,9997, n = 100. Найти вероятность безотказной работы системы Pc(t).
B84: Таблица 1. Исходные данные задачи
B85: Наименование параметра | C85: Обозначение | D85: Значение | E85: Ед. изм. | F85: Пояснение
B86: Вероятность элемента | C86: P_el | D86: 0.9997 | E86: — | F86: P(t) = 0.9997
B87: Число элементов | C87: n | D87: 100 | E87: шт. | F87: n = 100 шт.
B89: Таблица 2. Расчет показателей надежности
B90: Определяемый показатель | C90: Обозначение | D90: Математическая формула | E90: Значение (Excel) | F90: Ед. изм. | G90: Пояснение
B91: Вероятность отказа элемента q | C91: q_el | D91: 1 - P_el | E91: =1-D86 | F91: — | G91: q = 1 - 0.9997 = 0.0003
B92: Приближенная вероятность по (3.18) | C92: Pc_appr | D92: 1 - n · q | E92: =1-D87*E91 | F92: — | G92: Pc ≈ 1 - 100 · 0.0003 = 0.9700
B93: Точная вероятность безотказной работы | C93: Pc_exact | D93: P_el ^ n | E93: =D86^D87 | F93: — | G93: Pc = 0.9997¹⁰⁰ ≈ 0.97044
B94: ВЫВОД / ОТВЕТ: Результаты: по приближенной формуле Pc(t) ≈ 0,9700; точное значение Pc(t) = 0,9704 (совпадение со слайдом 16).
B97: ЗАДАЧА № 6. Определение надежности элемента по системе из n = 120 элементов (Pc = 0,95)
B98: Условие: Pc(t) = 0,95, n = 120 равнонадежных элементов. Найти вероятность безотказной работы элемента Pi(t).
B100: Таблица 1. Исходные данные задачи
B101: Наименование параметра | C101: Обозначение | D101: Значение | E101: Ед. изм. | F101: Пояснение
B102: Вероятность системы Pc | C102: Pc | D102: 0.95 | E102: — | F102: Pc(t) = 0.95
B103: Число элементов | C103: n | D103: 120 | E103: шт. | F103: n = 120 элементов
B105: Таблица 2. Расчет показателей надежности
B106: Определяемый показатель | C106: Обозначение | D106: Математическая формула | E106: Значение (Excel) | F106: Ед. изм. | G106: Пояснение
B107: Вероятность отказа системы qc | C107: qc | D107: 1 - Pc | E107: =1-D102 | F107: — | G107: qc = 1 - 0.95 = 0.05
B108: Приближенная вероятность элемента | C108: P_el_appr | D108: 1 - qc / n | E108: =1-E107/D103 | F108: — | G108: Pi ≈ 1 - 0.05 / 120 ≈ 0.999583 (по слайду 0.9996)
B109: Точная вероятность элемента | C109: P_el_exact | D109: Pc ^ (1/n) | E109: =D102^(1/D103) | F109: — | G109: Pi = 0.95^(1/120) ≈ 0.999573
B110: ВЫВОД / ОТВЕТ: Результаты: Pi(t) ≈ 0,9996 (полное совпадение со слайдами 16–17).
B113: ЗАДАЧА № 7. Вероятность безотказной работы системы из 12600 элементов (t = 50 ч)
B114: Условие: n = 12600 элементов, λср = 0,32∙10⁻⁶ ч⁻¹. Определить Pc(50) при t = 50 ч.
B116: Таблица 1. Исходные данные задачи
B117: Наименование параметра | C117: Обозначение | D117: Значение | E117: Ед. изм. | F117: Пояснение
B118: Число элементов | C118: n | D118: 12600 | E118: шт. | F118: n = 12600 шт.
B119: Интенсивность элемента | C119: l_elem | D119: 3.2e-07 | E119: 1/ч | F119: λср = 0.32·10⁻⁶ ч⁻¹
B120: Время наработки | C120: t | D120: 50 | E120: ч | F120: t = 50 ч
B122: Таблица 2. Расчет показателей надежности
B123: Определяемый показатель | C123: Обозначение | D123: Математическая формула | E123: Значение (Excel) | F123: Ед. изм. | G123: Пояснение
B124: Интенсивность системы λc | C124: lc | D124: n · λср | E124: =D118*D119 | F124: 1/ч | G124: λc = 12600 · 0.32·10⁻⁶ = 0.004032 ч⁻¹
B125: Вероятность безотказной работы Pc(50) | C125: Pc_50 | D125: EXP(-λc · t) | E125: =EXP(-E124*D120) | F125: — | G125: Pc(50) = exp(-0.2016) ≈ 0.8174 (по слайду ≈ 0.82)
B126: ВЫВОД / ОТВЕТ: Результаты: Pc(50) = 0,8174 ≈ 0,82 (полное совпадение со слайдом 17).

Sheet Теория и формулы
B2: ТЕОРЕТИЧЕСКИЙ СПРАВОЧНИК — ПОСЛЕДОВАТЕЛЬНЫЕ СИСТЕМЫ
B3: Математические модели надежности систем при последовательном соединении элементов (слайды 12–13)
B4: Определения, расчетные соотношения, формулы приближенных вычислений
B6: ОСНОВНЫЕ РАСЧЕТНЫЕ СООТНОШЕНИЯ
B7: Показатель надежности | C7: Общая формула | D7: Экспоненциальный закон | E7: Формула через наработки | F7: Ед. изм. | G7: Пояснение
B8: Вероятность безотказной работы Pc(t) | C8: Pc(t) = Π Pi(t) = exp(-∫λc(t)dt) | D8: Pc(t) = exp(-λc · t) | E8: Pc(t) = exp(-t · Σ(1/mti)) | F8: — | G8: Отказ любого элемента вызывает отказ всей системы
B9: Интенсивность отказов системы λc(t) | C9: λc(t) = Σ λi(t) | D9: λc = Σ λi = const | E9: λc = Σ (1 / mti) | F9: 1/ч | G9: Теорема сложения интенсивностей отказов элементов
B10: Вероятность отказа системы qc(t) | C10: qc(t) = 1 - Pc(t) | D10: qc(t) = 1 - exp(-λc · t) | E10: qc(t) = 1 - exp(-t / mtc) | F10: — | G10: Вероятность хотя бы одного отказа за время t
B11: Частота отказов системы fc(t) | C11: fc(t) = -dPc(t)/dt | D11: fc(t) = λc · exp(-λc · t) | E11: fc(t) = λc · Pc(t) | F11: 1/ч | G11: Плотность вероятности первого отказа системы
B12: Среднее время безотказной работы mtc | C12: mtc = ∫ Pc(t) dt | D12: mtc = 1 / λc | E12: mtc = 1 / (Σ 1 / mti) | F12: ч | G12: Средняя наработка системы всегда меньше наработки наименее надежного элемента!
B14: ПРИБЛИЖЕННЫЕ ФОРМУЛЫ ПРИ ВЫСОКОЙ НАДЕЖНОСТИ (Pi(t) ≈ 1)
B15: Произведение вероятностей разнонадежных узлов: | C15: P1 · P2 · ... · Pn ≈ 1 - Σ qi(t) = 1 - Σ (1 - Pi(t)). Погрешность мала, если Σ qi << 1.
B16: Степень вероятности для n одинаковых элементов: | C16: [P(t)]ⁿ = [1 - q(t)]ⁿ ≈ 1 - n · q(t). Удобно для систем с тысячами элементов.
B17: Определение надежности элемента по системе: | C17: P(t) = [Pc(t)]^(1/n) ≈ 1 - qc(t) / n. Позволяет задавать требования к элементам системы.
