Workbook

Sheet Сводка и Ответы
B2: ПРАКТИЧЕСКАЯ РАБОТА № 1 — СВОДНЫЕ РЕЗУЛЬТАТЫ
B3: Определение количественных характеристик надежности по статистическим данным об отказах изделия
B4: Дисциплина: Надежность автоматизированных систем (НАС) | Преподаватель: Ризванов | Выполнил: Студент
B6: 1. РЕЗУЛЬТАТЫ РЕШЕНИЯ ЗАДАЧ ДЛЯ САМОСТОЯТЕЛЬНОГО РЕШЕНИЯ (№ 6 – 15)
B7: № задачи | C7: Краткое условие задачи | D7: Определяемые параметры | E7: Расчетная формула (математическая) | F7: Результат вычислений | G7: Ед. изм. | H7: Ссылка на лист решения | I7: Статус
B8: Задача 6 | C8: N=100, за 4000 ч отказало 50, за 4000-4100 ч отказало 20 | D8: f(4000) | E8: f = Δn/(N·Δt) | F8: ='Задачи 6-15'!E21 -> 0.002 | G8: 1/ч | H8: Перейти к решению | I8: Решено
B9: Задача 6 (доп.) | C9: Та же задача, интенсивность отказов λ(4000) | D9: λ(4000) | E9: λ = Δn/(n(t)·Δt) | F9: ='Задачи 6-15'!E22 -> 0.004 | G9: 1/ч | H9: Перейти к решению | I9: Решено
B10: Задача 7 | C10: N=100, за 4000 ч отказало 50. Найти p(4000), q(4000) | D10: p(4000) | E10: p = n(t)/N | F10: ='Задачи 6-15'!E38 -> 0.5 | G10: — | H10: Перейти к решению | I10: Решено
B11: Задача 7 (доп.) | C11: Та же задача, вероятность отказа q(4000) | D11: q(4000) | E11: q = (N - n(t))/N = 1 - p | F11: ='Задачи 6-15'!E39 -> 0.5 | G11: — | H11: Перейти к решению | I11: Решено
B12: Задача 8 | C12: N=10 гироскопов, за 1000 ч отказало 2, за 1000-1100 ч еще 1 | D12: f(1000) | E12: f = Δn/(N·Δt) | F12: ='Задачи 6-15'!E58 -> 0.001 | G12: 1/ч | H12: Перейти к решению | I12: Решено
B13: Задача 8 (доп.) | C13: Та же задача, интенсивность отказов λ(1000) | D13: λ(1000) | E13: λ = Δn/(n(t)·Δt) | F13: ='Задачи 6-15'!E59 -> 0.00125 | G13: 1/ч | H13: Перейти к решению | I13: Решено
B14: Задача 9 | C14: N=1000 ламп, за 3000 ч отказало 80, за 3000-4000 ч еще 50 | D14: p(4000) | E14: p = (N - Σn_отк)/N | F14: ='Задачи 6-15'!E77 -> 0.87 | G14: — | H14: Перейти к решению | I14: Решено
B15: Задача 9 (доп.) | C15: Та же задача, вероятность отказа q(4000) | D15: q(4000) | E15: q = Σn_отк/N = 1 - p | F15: ='Задачи 6-15'!E78 -> 0.13 | G15: — | H15: Перейти к решению | I15: Решено
B16: Задача 10 | C16: N=1000, t=1300: отк. 288; за 1300-1400: отк. 13 | D16: p(1300) | E16: p(1300) = n(1300)/N | F16: ='Задачи 6-15'!E98 -> 0.712 | G16: — | H16: Перейти к решению | I16: Решено
B17: Задача 10 (2) | C17: Та же задача, вероятность безотказной работы p(1400) | D17: p(1400) | E17: p(1400) = (n(1300)-Δn)/N | F17: ='Задачи 6-15'!E99 -> 0.699 | G17: — | H17: Перейти к решению | I17: Решено
B18: Задача 10 (3) | C18: Та же задача, частота отказов f(1300) | D18: f(1300) | E18: f = Δn/(N·Δt) | F18: ='Задачи 6-15'!E100 -> 0.00013 | G18: 1/ч | H18: Перейти к решению | I18: Решено
B19: Задача 10 (4) | C19: Та же задача, интенсивность отказов λ(1300) | D19: λ(1300) | E19: λ = Δn/(n(1300)·Δt) | F19: ='Задачи 6-15'!E101 -> 0.00018258427 | G19: 1/ч | H19: Перейти к решению | I19: Решено
B20: Задача 11 | C20: N=45, t=60: отк. 35; за 60-65: отк. 3 | D20: p(60) | E20: p(60) = n(60)/N | F20: ='Задачи 6-15'!E121 -> 0.22222222 | G20: — | H20: Перейти к решению | I20: Решено
B21: Задача 11 (2) | C21: Та же задача, вероятность безотказной работы p(65) | D21: p(65) | E21: p(65) = (n(60)-Δn)/N | F21: ='Задачи 6-15'!E122 -> 0.15555556 | G21: — | H21: Перейти к решению | I21: Решено
B22: Задача 11 (3) | C22: Та же задача, частота отказов f(60) | D22: f(60) | E22: f = Δn/(N·Δt) | F22: ='Задачи 6-15'!E123 -> 0.013333333 | G22: 1/ч | H22: Перейти к решению | I22: Решено
B23: Задача 11 (4) | C23: Та же задача, интенсивность отказов λ(60) | D23: λ(60) | E23: λ = Δn/(n(60)·Δt) | F23: ='Задачи 6-15'!E124 -> 0.06 | G23: 1/ч | H23: Перейти к решению | I23: Решено
B24: Задача 12 | C24: N=45 образцов РЭО (после 80 ч приработки), интервальные данные | D24: mt* (ср. наработка) | E24: mt* = Σ(ni·tср.i) / N | F24: ='Задачи 6-15'!E146 -> 15.888889 | G24: ч | H24: Перейти к решению | I24: Решено
B25: Задача 13 | C25: N=8 изделий: ti = {560, 700, 800, 650, 580, 760, 920, 850} | D25: mt* (ср. наработка) | E25: mt* = Σti / N | F25: ='Задачи 6-15'!E169 -> 727.5 | G25: ч | H25: Перейти к решению | I25: Решено
B26: Задача 14 | C26: N=6 отказов аппаратуры: ti = {15, 20, 10, 28, 22, 30} мин | D26: m_в (ср. время восст.) | E26: m_в = Σtв,i / N | F26: ='Задачи 6-15'!E192 -> 20.833333 | G26: мин | H26: Перейти к решению | I26: Решено
B27: Задача 15 | C27: N=1000, t=11000: отк. 410; за 11000-12000: отк. 40 | D27: p(11000) | E27: p(11000) = n(11000)/N | F27: ='Задачи 6-15'!E213 -> 0.59 | G27: — | H27: Перейти к решению | I27: Решено
B28: Задача 15 (2) | C28: Та же задача, вероятность безотказной работы p(12000) | D28: p(12000) | E28: p(12000) = (n(11000)-Δn)/N | F28: ='Задачи 6-15'!E214 -> 0.55 | G28: — | H28: Перейти к решению | I28: Решено
B29: Задача 15 (3) | C29: Та же задача, частота отказов f(11000) | D29: f(11000) | E29: f = Δn/(N·Δt) | F29: ='Задачи 6-15'!E215 -> 4e-05 | G29: 1/ч | H29: Перейти к решению | I29: Решено
B30: Задача 15 (4) | C30: Та же задача, интенсивность отказов λ(11000) | D30: λ(11000) | E30: λ = Δn/(n(11000)·Δt) | F30: ='Задачи 6-15'!E216 -> 6.779661e-05 | G30: 1/ч | H30: Перейти к решению | I30: Решено
B33: 2. РЕЗУЛЬТАТЫ РЕШЕНИЯ ТИПОВЫХ ЗАДАЧ ИЗ ПРЕЗЕНТАЦИИ (№ 1 – 5)
B34: № задачи | C34: Тема / Объект расчета | D34: Ключевые исходные данные | E34: Искомый параметр | F34: Результат вычислений | G34: Ед. изм. | H34: Сверка со слайдом | I34: Ссылка
B35: Задача 1 | C35: Система из 3 блоков (экспоненц. закон) | D35: mt1=160, mt2=320, mt3=600 ч | E35: mtc (ср. время безотказной работы) | F35: ='Задачи 1-5'!E21 -> 90.566038 | G35: ч | H35: 90.57 ч ≈ 91 ч (Совпадает) | I35: Смотреть
B36: Задача 2 | C36: Подшипники качения (N=1000) | D36: N=1000, t=3000 ч, отказов=80 | E36: p(3000) | F36: ='Задачи 1-5'!E37 -> 0.92 | G36: — | H36: p=0.92, q=0.08 (Совпадает) | I36: Смотреть
B37: Задача 3 | C37: Изделия (N=500) | D37: N=500, t=3000 ч, отк.=300; Δt=100, Δn=100 | E37: p(3000) | F37: ='Задачи 1-5'!E57 -> 0.4 | G37: — | H37: p=0.4; 0.2; f=0.002; λ=0.005 (Совпадает) | I37: Смотреть
B38: Задача 4 | C38: Индивидуальные наработки 6 изделий | D38: ti = {280, 350, 400, 320, 380, 330} ч | E38: mt* (выборочное среднее) | F38: ='Задачи 1-5'!E81 -> 343.33333 | G38: ч | H38: 343.33 ч (Совпадает) | I38: Смотреть
B39: Задача 5 | C39: Группированные данные 45 образцов РЭО | D39: 16 интервалов по 5 ч, N=45 | E39: mt* (по интервальному ряду) | F39: ='Задачи 1-5'!E112 -> 31.722222 | G39: ч | H39: 31.72 ч ≈ 31.7 ч (Совпадает) | I39: Смотреть

Sheet Задачи 6-15
B2: ЗАДАЧИ ДЛЯ САМОСТОЯТЕЛЬНОГО РЕШЕНИЯ (№ 6 – 15)
B3: Практическая работа № 1. Определение количественных характеристик надежности по статистическим данным об отказах
B4: Все расчеты выполнены формулами Excel со ссылками на ячейки исходных данных
B6: ЗАДАЧА № 6. Расчет частоты отказов f(t) и интенсивности отказов λ(t) при t = 4000 ч
B7: Условие: На испытание поставлено 100 однотипных изделий. За 4000 часов отказало 50 изделий. За интервал времени 4000 – 4100 часов отказало еще 20 изделий. Требуется определить f(t), λ(t) при t = 4000 ч.
B9: Таблица 1. Исходные данные задачи
B10: Наименование параметра | C10: Обозначение | D10: Значение | E10: Ед. изм. | F10: Пояснение
B11: Общее число изделий на испытании | C11: N | D11: 100 | E11: шт. | F11: Количество испытываемых изделий
B12: Время наработки к началу интервала | C12: t | D12: 4000 | E12: ч | F12: Момент времени t = 4000 ч
B13: Число отказавших изделий к моменту t | C13: n_отк | D13: 50 | E13: шт. | F13: Число отказов за первые 4000 ч
B14: Время наработки к концу интервала | C14: t_след | D14: 4100 | E14: ч | F14: Конец интервала t + Δt
B15: Длина интервала времени | C15: dt | D15: =D14-D12 -> 100 | E15: ч | F15: Интервал Δt = 4100 - 4000 = 100 ч
B16: Число отказов в интервале (t, t+Δt) | C16: dn | D16: 20 | E16: шт. | F16: Отказы за интервал 4000-4100 ч
B18: Таблица 2. Расчет показателей надежности
B19: Определяемый показатель | C19: Обозначение | D19: Математическая формула | E19: Значение (формула Excel) | F19: Ед. изм. | G19: Пояснение к результату
B20: Число работоспособных к моменту t | C20: nt | D20: N - n_отк(t) | E20: =D11-D13 -> 50 | F20: шт. | G20: n(4000) = 100 - 50 = 50 изделий
B21: Частота отказов | C21: f_4000 | D21: Δn(t) / (N · Δt) | E21: =D16/(D11*D15) -> 0.002 | F21: 1/ч | G21: f(4000) = 20 / (100 · 100) = 0.002 ч⁻¹
B22: Интенсивность отказов | C22: l_4000 | D22: Δn(t) / (n(t) · Δt) | E22: =D16/(E20*D15) -> 0.004 | F22: 1/ч | G22: λ(4000) = 20 / (50 · 100) = 0.004 ч⁻¹
B23: ВЫВОД / ОТВЕТ: При t = 4000 ч частота отказов f(4000) = 0,002 1/ч (2,0·10⁻³ ч⁻¹), интенсивность отказов λ(4000) = 0,004 1/ч (4,0·10⁻³ ч⁻¹).
B26: ЗАДАЧА № 7. Расчет вероятности безотказной работы p(t) и вероятности отказа q(t)
B27: Условие: На испытание поставлено 100 однотипных изделий. За 4000 часов отказало 50 изделий. Требуется определить p(t) и q(t) при t = 4000 ч.
B29: Таблица 1. Исходные данные задачи
B30: Наименование параметра | C30: Обозначение | D30: Значение | E30: Ед. изм. | F30: Пояснение
B31: Общее число изделий на испытании | C31: N | D31: 100 | E31: шт. | F31: Число изделий, поставленных на испытания
B32: Время наработки | C32: t | D32: 4000 | E32: ч | F32: Момент времени t = 4000 ч
B33: Число отказавших изделий к моменту t | C33: n_отк | D33: 50 | E33: шт. | F33: Число изделий, отказавших за 4000 ч
B35: Таблица 2. Расчет показателей надежности
B36: Определяемый показатель | C36: Обозначение | D36: Математическая формула | E36: Значение (формула Excel) | F36: Ед. изм. | G36: Пояснение к результату
B37: Число не отказавших изделий | C37: nt | D37: N - n_отк(t) | E37: =D31-D33 -> 50 | F37: шт. | G37: n(4000) = 100 - 50 = 50 изделий
B38: Вероятность безотказной работы | C38: p_4000 | D38: n(t) / N | E38: =E37/D31 -> 0.5 | F38: — | G38: p(4000) = 50 / 100 = 0.50 (50%)
B39: Вероятность отказа изделия | C39: q_4000 | D39: (N - n(t)) / N = 1 - p(t) | E39: =1-E38 -> 0.5 | F39: — | G39: q(4000) = 50 / 100 = 0.50 (50%)
B40: ВЫВОД / ОТВЕТ: При наработке t = 4000 ч вероятность безотказной работы p(4000) = 0,50 (50%), вероятность отказа q(4000) = 0,50 (50%).
B43: ЗАДАЧА № 8. Расчет показателей надежности гироскопов: f(t) и λ(t) при t = 1000 ч
B44: Условие: В течение 1000 часов из 10 гироскопов отказало 2. За интервал времени 1000 – 1100 часов отказал еще один гироскоп. Требуется определить f(t), λ(t) при t = 1000 ч.
B46: Таблица 1. Исходные данные задачи
B47: Наименование параметра | C47: Обозначение | D47: Значение | E47: Ед. изм. | F47: Пояснение
B48: Общее число гироскопов | C48: N | D48: 10 | E48: шт. | F48: Число гироскопов на испытании
B49: Время наработки | C49: t | D49: 1000 | E49: ч | F49: Момент времени t = 1000 ч
B50: Число отказавших к моменту t | C50: n_отк | D50: 2 | E50: шт. | F50: Отказы за первые 1000 ч
B51: Время наработки к концу интервала | C51: t_след | D51: 1100 | E51: ч | F51: Конец интервала
B52: Интервал времени | C52: dt | D52: =D51-D49 -> 100 | E52: ч | F52: Δt = 1100 - 1000 = 100 ч
B53: Число отказов за интервал Δt | C53: dn | D53: 1 | E53: шт. | F53: Отказ за интервал 1000-1100 ч
B55: Таблица 2. Расчет показателей надежности
B56: Определяемый показатель | C56: Обозначение | D56: Математическая формула | E56: Значение (формула Excel) | F56: Ед. изм. | G56: Пояснение к результату
B57: Число работоспособных гироскопов | C57: nt | D57: N - n_отк(t) | E57: =D48-D50 -> 8 | F57: шт. | G57: n(1000) = 10 - 2 = 8 гироскопов
B58: Частота отказов гироскопов | C58: f_1000 | D58: Δn(t) / (N · Δt) | E58: =D53/(D48*D52) -> 0.001 | F58: 1/ч | G58: f(1000) = 1 / (10 · 100) = 0.001 ч⁻¹
B59: Интенсивность отказов гироскопов | C59: l_1000 | D59: Δn(t) / (n(t) · Δt) | E59: =D53/(E57*D52) -> 0.00125 | F59: 1/ч | G59: λ(1000) = 1 / (8 · 100) = 0.00125 ч⁻¹
B60: ВЫВОД / ОТВЕТ: При t = 1000 ч: частота отказов f(1000) = 0,001 1/ч (1,0·10⁻³ ч⁻¹); интенсивность отказов λ(1000) = 0,00125 1/ч (1,25·10⁻³ ч⁻¹).
B63: ЗАДАЧА № 9. Расчет характеристик электронных ламп: p(t) и q(t) при t = 4000 ч
B64: Условие: На испытание поставлено 1000 однотипных электронных ламп. За первые 3000 часов отказало 80 ламп. За интервал времени 3000 – 4000 часов отказало еще 50 ламп. Требуется определить p(t) и q(t) при t = 4000 ч.
B66: Таблица 1. Исходные данные задачи
B67: Наименование параметра | C67: Обозначение | D67: Значение | E67: Ед. изм. | F67: Пояснение
B68: Общее число ламп на испытании | C68: N | D68: 1000 | E68: шт. | F68: Партия испытуемых ламп
B69: Число отказавших за первые 3000 ч | C69: n_отк1 | D69: 80 | E69: шт. | F69: Отказы за интервал 0 - 3000 ч
B70: Число отказавших в интервале 3000-4000 ч | C70: dn | D70: 50 | E70: шт. | F70: Дополнительные отказы
B71: Время наработки | C71: t | D71: 4000 | E71: ч | F71: Контрольный момент времени
B73: Таблица 2. Расчет показателей надежности
B74: Определяемый показатель | C74: Обозначение | D74: Математическая формула | E74: Значение (формула Excel) | F74: Ед. изм. | G74: Пояснение к результату
B75: Суммарное число отказов к t=4000 ч | C75: n_tot_fail | D75: n_отк(3000) + Δn | E75: =D69+D70 -> 130 | F75: шт. | G75: Всего отказало к 4000 ч: 80 + 50 = 130
B76: Число ламп, не отказавших к 4000 ч | C76: nt | D76: N - Σn_отк | E76: =D68-E75 -> 870 | F76: шт. | G76: Работоспособно к 4000 ч: 1000 - 130 = 870
B77: Вероятность безотказной работы | C77: p_4000 | D77: n(4000) / N | E77: =E76/D68 -> 0.87 | F77: — | G77: p(4000) = 870 / 1000 = 0.87 (87%)
B78: Вероятность отказа ламп | C78: q_4000 | D78: Σn_отк / N = 1 - p(4000) | E78: =1-E77 -> 0.13 | F78: — | G78: q(4000) = 130 / 1000 = 0.13 (13%)
B79: ВЫВОД / ОТВЕТ: К моменту времени t = 4000 ч вероятность безотказной работы p(4000) = 0,87 (87%), вероятность отказа ламп q(4000) = 0,13 (13%).
B82: ЗАДАЧА № 10. Определение p(1300), p(1400), f(1300), λ(1300) для партии 1000 изделий
B83: Условие: На испытание поставлено 1000 изделий. За время t = 1300 ч. вышло из строя 288 изделий. За последующий интервал времени 1300 – 1400 часов вышло из строя еще 13 изделий. Необходимо вычислить p(t) при t = 1300 ч. и t = 1400 ч.; f(t), λ(t) при t = 1300 ч.
B85: Таблица 1. Исходные данные задачи
B86: Наименование параметра | C86: Обозначение | D86: Значение | E86: Ед. изм. | F86: Пояснение
B87: Общее число изделий | C87: N | D87: 1000 | E87: шт. | F87: Число изделий на испытании
B88: Время наработки t1 | C88: t1 | D88: 1300 | E88: ч | F88: Момент первого замера
B89: Число отказов к моменту t1 | C89: n_отк1 | D89: 288 | E89: шт. | F89: Отказы за первые 1300 ч
B90: Время наработки t2 | C90: t2 | D90: 1400 | E90: ч | F90: Момент второго замера
B91: Интервал времени | C91: dt | D91: =D90-D88 -> 100 | E91: ч | F91: Δt = 1400 - 1300 = 100 ч
B92: Число отказов в интервале (t1, t2) | C92: dn | D92: 13 | E92: шт. | F92: Отказы за интервал 1300-1400 ч
B94: Таблица 2. Расчет показателей надежности
B95: Определяемый показатель | C95: Обозначение | D95: Математическая формула | E95: Значение (формула Excel) | F95: Ед. изм. | G95: Пояснение к результату
B96: Число работоспособных при t=1300 ч | C96: nt1 | D96: N - n_отк(1300) | E96: =D87-D89 -> 712 | F96: шт. | G96: n(1300) = 1000 - 288 = 712 шт.
B97: Число работоспособных при t=1400 ч | C97: nt2 | D97: n(1300) - Δn | E97: =E96-D92 -> 699 | F97: шт. | G97: n(1400) = 712 - 13 = 699 шт.
B98: Вероятность безотказной работы p(1300) | C98: p_1300 | D98: n(1300) / N | E98: =E96/D87 -> 0.712 | F98: — | G98: p(1300) = 712 / 1000 = 0.712 (71.2%)
B99: Вероятность безотказной работы p(1400) | C99: p_1400 | D99: n(1400) / N | E99: =E97/D87 -> 0.699 | F99: — | G99: p(1400) = 699 / 1000 = 0.699 (69.9%)
B100: Частота отказов f(1300) | C100: f_1300 | D100: Δn / (N · Δt) | E100: =D92/(D87*D91) -> 0.00013 | F100: 1/ч | G100: f(1300) = 13 / (1000 · 100) = 0.00013 ч⁻¹
B101: Интенсивность отказов λ(1300) | C101: l_1300 | D101: Δn / (n(1300) · Δt) | E101: =D92/(E96*D91) -> 0.00018258427 | F101: 1/ч | G101: λ(1300) = 13 / (712 · 100) ≈ 0.00018258 ч⁻¹
B102: ВЫВОД / ОТВЕТ: Результаты: p(1300) = 0,7120; p(1400) = 0,6990; f(1300) = 1,30·10⁻⁴ 1/ч (0,000130 ч⁻¹); λ(1300) = 1,83·10⁻⁴ 1/ч (0,000183 ч⁻¹).
B105: ЗАДАЧА № 11. Определение p(60), p(65), f(60), λ(60) для выборки из 45 изделий
B106: Условие: На испытание поставлено 45 изделий. За время t = 60 ч. вышло из строя 35 изделий. За последующий интервал времени 60 – 65 часов вышло из строя еще 3 изделия. Необходимо вычислить p(t) при t = 60 ч. и t = 65 ч.; f(t), λ(t) при t = 60 ч.
B108: Таблица 1. Исходные данные задачи
B109: Наименование параметра | C109: Обозначение | D109: Значение | E109: Ед. изм. | F109: Пояснение
B110: Общее число изделий | C110: N | D110: 45 | E110: шт. | F110: Испытуемая группа изделий
B111: Время наработки t1 | C111: t1 | D111: 60 | E111: ч | F111: Начало интервала
B112: Число отказов к моменту t1 | C112: n_отк1 | D112: 35 | E112: шт. | F112: Отказы за первые 60 ч
B113: Время наработки t2 | C113: t2 | D113: 65 | E113: ч | F113: Конец интервала
B114: Интервал времени | C114: dt | D114: =D113-D111 -> 5 | E114: ч | F114: Δt = 65 - 60 = 5 ч
B115: Число отказов в интервале (60-65 ч) | C115: dn | D115: 3 | E115: шт. | F115: Отказы за 5 ч
B117: Таблица 2. Расчет показателей надежности
B118: Определяемый показатель | C118: Обозначение | D118: Математическая формула | E118: Значение (формула Excel) | F118: Ед. изм. | G118: Пояснение к результату
B119: Число работоспособных при t=60 ч | C119: nt1 | D119: N - n_отк(60) | E119: =D110-D112 -> 10 | F119: шт. | G119: n(60) = 45 - 35 = 10 шт.
B120: Число работоспособных при t=65 ч | C120: nt2 | D120: n(60) - Δn | E120: =E119-D115 -> 7 | F120: шт. | G120: n(65) = 10 - 3 = 7 шт.
B121: Вероятность безотказной работы p(60) | C121: p_60 | D121: n(60) / N | E121: =E119/D110 -> 0.22222222 | F121: — | G121: p(60) = 10 / 45 ≈ 0.2222 (22.2%)
B122: Вероятность безотказной работы p(65) | C122: p_65 | D122: n(65) / N | E122: =E120/D110 -> 0.15555556 | F122: — | G122: p(65) = 7 / 45 ≈ 0.1556 (15.6%)
B123: Частота отказов f(60) | C123: f_60 | D123: Δn / (N · Δt) | E123: =D115/(D110*D114) -> 0.013333333 | F123: 1/ч | G123: f(60) = 3 / (45 · 5) = 1/75 ≈ 0.013333 ч⁻¹
B124: Интенсивность отказов λ(60) | C124: l_60 | D124: Δn / (n(60) · Δt) | E124: =D115/(E119*D114) -> 0.06 | F124: 1/ч | G124: λ(60) = 3 / (10 · 5) = 0.060000 ч⁻¹
...

Sheet Задачи 1-5
B2: ТИПОВЫЕ ЗАДАЧИ С РЕШЕНИЕМ ИЗ ПРЕЗЕНТАЦИИ (№ 1 – 5)
B3: Практическая работа № 1. Примеры расчета показателей надежности с формулами Excel
B4: Полное соответствие слайдам 2-4 презентации лекций
B6: ЗАДАЧА № 1. Определение среднего времени безотказной работы системы из трех блоков
B7: Условие: Система состоит из трех блоков, среднее время безотказной работы которых равно: mt1 = 160 ч.; mt2 = 320 ч.; mt3 = 600 ч. Для блоков справедлив экспоненциальный закон надежности. Требуется определить среднее время безотказной работы системы mtc.
B9: Таблица 1. Исходные данные задачи
B10: Наименование параметра | C10: Обозначение | D10: Значение | E10: Ед. изм. | F10: Пояснение
B11: Среднее время безотказной работы блока 1 | C11: mt1 | D11: 160 | E11: ч | F11: Блок 1
B12: Среднее время безотказной работы блока 2 | C12: mt2 | D12: 320 | E12: ч | F12: Блок 2
B13: Среднее время безотказной работы блока 3 | C13: mt3 | D13: 600 | E13: ч | F13: Блок 3
B15: Таблица 2. Расчет показателей надежности
B16: Определяемый показатель | C16: Обозначение | D16: Математическая формула | E16: Значение (формула Excel) | F16: Ед. изм. | G16: Пояснение к результату
B17: Интенсивность отказов блока 1 | C17: l1 | D17: 1 / mt1 | E17: =1/D11 -> 0.00625 | F17: 1/ч | G17: λ1 = 1 / 160 = 0.00625 ч⁻¹
B18: Интенсивность отказов блока 2 | C18: l2 | D18: 1 / mt2 | E18: =1/D12 -> 0.003125 | F18: 1/ч | G18: λ2 = 1 / 320 = 0.003125 ч⁻¹
B19: Интенсивность отказов блока 3 | C19: l3 | D19: 1 / mt3 | E19: =1/D13 -> 0.0016666667 | F19: 1/ч | G19: λ3 = 1 / 600 ≈ 0.001667 ч⁻¹
B20: Интенсивность отказов системы | C20: lc | D20: λ1 + λ2 + λ3 | E20: =E17+E18+E19 -> 0.011041667 | F20: 1/ч | G20: λc = 0.00625 + 0.003125 + 0.001667 ≈ 0.011042 ч⁻¹
B21: Среднее время безотказной работы системы | C21: mtc | D21: 1 / λc | E21: =1/E20 -> 90.566038 | F21: ч | G21: mtc = 1 / 0.011042 ≈ 90.57 ч (в слайде округлено до 91 ч)
B22: ВЫВОД / ОТВЕТ: Среднее время безотказной работы системы: mtc = 90,57 ч ≈ 91 ч (интенсивность отказов системы λc = 0,011 1/ч).
B25: ЗАДАЧА № 2. Определение p(t) и q(t) для 1000 подшипников качения при t = 3000 ч
B26: Условие: На испытание поставлено 1000 однотипных подшипников качения; за 3000 ч отказало 80 подшипников. Требуется определить p(t), q(t) при t = 3000 ч.
B28: Таблица 1. Исходные данные задачи
B29: Наименование параметра | C29: Обозначение | D29: Значение | E29: Ед. изм. | F29: Пояснение
B30: Число подшипников на испытании | C30: N | D30: 1000 | E30: шт. | F30: Объем партии
B31: Время испытания | C31: t | D31: 3000 | E31: ч | F31: Момент времени 3000 ч
B32: Число отказавших подшипников | C32: n_отк | D32: 80 | E32: шт. | F32: Отказы за 3000 ч
B34: Таблица 2. Расчет показателей надежности
B35: Определяемый показатель | C35: Обозначение | D35: Математическая формула | E35: Значение (формула Excel) | F35: Ед. изм. | G35: Пояснение к результату
B36: Число не отказавших подшипников | C36: nt | D36: N - n_отк(t) | E36: =D30-D32 -> 920 | F36: шт. | G36: n(3000) = 1000 - 80 = 920 шт.
B37: Вероятность безотказной работы | C37: p_3000 | D37: n(t) / N | E37: =E36/D30 -> 0.92 | F37: — | G37: p(3000) = 920 / 1000 = 0.92 (92%)
B38: Вероятность отказа подшипников | C38: q_3000 | D38: (N - n(t)) / N = 1 - p | E38: =1-E37 -> 0.08 | F38: — | G38: q(3000) = 80 / 1000 = 0.08 (8%)
B39: ВЫВОД / ОТВЕТ: При t = 3000 ч вероятность безотказной работы p(3000) = 0,92 (92%), вероятность отказа q(3000) = 0,08 (8%).
B42: ЗАДАЧА № 3. Определение p(3000), p(3100), f(3000), λ(3000) для 500 изделий
B43: Условие: На испытание поставлено 500 изделий. За время 3000 ч отказало 300 изделий, т.е. n(t) = 500 - 300 = 200. За интервал времени (t, t+Δt), где Δt = 100 ч, отказало еще 100 изделий, т.е. Δn(t) = 100. Требуется определить p(3000), p(3100), f(3000), λ(3000).
B45: Таблица 1. Исходные данные задачи
B46: Наименование параметра | C46: Обозначение | D46: Значение | E46: Ед. изм. | F46: Пояснение
B47: Число изделий на испытании | C47: N | D47: 500 | E47: шт. | F47: Партия изделий
B48: Время первой наработки | C48: t | D48: 3000 | E48: ч | F48: Момент t = 3000 ч
B49: Число отказавших к моменту t | C49: n_отк1 | D49: 300 | E49: шт. | F49: Отказы за первые 3000 ч
B50: Интервал времени | C50: dt | D50: 100 | E50: ч | F50: Δt = 100 ч (до 3100 ч)
B51: Число отказов в интервале Δt | C51: dn | D51: 100 | E51: шт. | F51: Отказы за 100 ч
B53: Таблица 2. Расчет показателей надежности
B54: Определяемый показатель | C54: Обозначение | D54: Математическая формула | E54: Значение (формула Excel) | F54: Ед. изм. | G54: Пояснение к результату
B55: Число работоспособных к 3000 ч | C55: nt1 | D55: N - n_отк(3000) | E55: =D47-D49 -> 200 | F55: шт. | G55: n(3000) = 500 - 300 = 200 шт.
B56: Число работоспособных к 3100 ч | C56: nt2 | D56: n(3000) - Δn | E56: =E55-D51 -> 100 | F56: шт. | G56: n(3100) = 200 - 100 = 100 шт.
B57: Вероятность безотказной работы p(3000) | C57: p_3000 | D57: n(3000) / N | E57: =E55/D47 -> 0.4 | F57: — | G57: p(3000) = 200 / 500 = 0.40 (40%)
B58: Вероятность безотказной работы p(3100) | C58: p_3100 | D58: n(3100) / N | E58: =E56/D47 -> 0.2 | F58: — | G58: p(3100) = 100 / 500 = 0.20 (20%)
B59: Частота отказов f(3000) | C59: f_3000 | D59: Δn / (N · Δt) | E59: =D51/(D47*D50) -> 0.002 | F59: 1/ч | G59: f(3000) = 100 / (500 · 100) = 0.002 ч⁻¹
B60: Интенсивность отказов λ(3000) | C60: l_3000 | D60: Δn / (n(3000) · Δt) | E60: =D51/(E55*D50) -> 0.005 | F60: 1/ч | G60: λ(3000) = 100 / (200 · 100) = 0.005 ч⁻¹
B61: ВЫВОД / ОТВЕТ: Результаты: p(3000) = 0,40; p(3100) = 0,20; f(3000) = 0,002 1/ч; λ(3000) = 0,005 1/ч.
B64: ЗАДАЧА № 4. Статистическая оценка среднего времени безотказной работы mt* по выборке из 6 изделий
B65: Условие: На испытание поставлено шесть однотипных изделий. Получены следующие значения ti (время безотказной работы i-го изделия): t1 = 280 ч; t2 = 350 ч; t3 = 400 ч; t4 = 320 ч; t5 = 380 ч; t6 = 330 ч. Определить статистическую оценку среднего времени безотказной работы изделия.
B67: Таблица 1. Значения наработок изделий до отказа
B68: № изделия (i) | C68: Обозначение | D68: Время работы ti, ч | E68: Пояснение
B69: 1 | C69: t1 | D69: 280 | E69: Изделие № 1
B70: 2 | C70: t2 | D70: 350 | E70: Изделие № 2
B71: 3 | C71: t3 | D71: 400 | E71: Изделие № 3
B72: 4 | C72: t4 | D72: 320 | E72: Изделие № 4
B73: 5 | C73: t5 | D73: 380 | E73: Изделие № 5
B74: 6 | C74: t6 | D74: 330 | E74: Изделие № 6
B75: ИТОГО (Сумма Σti): | D75: =SUM(D69:D74) -> 2060 | E75: Суммарная наработка 6 изделий = 2060 ч
B77: Таблица 2. Расчет среднего времени mt* по формуле (1.5)
B78: Определяемый показатель | C78: Обозначение | D78: Математическая формула | E78: Значение (формула Excel) | F78: Ед. изм. | G78: Пояснение к результату
B79: Число изделий на испытании | C79: N | D79: =COUNT(D69:D74) -> 6 | E79: =COUNT(D69:D74) -> 6 | F79: шт. | G79: Объем выборки N = 6
B80: Суммарная наработка всех изделий | C80: Σti | D80: =SUM(D69:D74) -> 2060 | E80: =SUM(D69:D74) -> 2060 | F80: ч | G80: Σti = 2060 ч
B81: Среднее время безотказной работы | C81: mt* | D81: Σti / N = AVERAGE(D69:D74) | E81: =AVERAGE(D69:D74) -> 343.33333 | F81: ч | G81: mt* = 2060 / 6 ≈ 343.33 ч
B82: ВЫВОД / ОТВЕТ: Статистическая оценка среднего времени безотказной работы изделия: mt* = 343,33 ч.
B85: ЗАДАЧА № 5. Расчет mt* по данным испытаний 45 образцов радиоэлектронного оборудования (16 интервалов)
B86: Условие: В результате наблюдения за 45 образцами радиоэлектронного оборудования получены данные до первого отказа всех 45 образцов, сведенные в таблицу. Требуется определить mt*.
B88: Таблица 1. Интервальный вариационный ряд наработок до первого отказа
B89: № интервала (i) | C89: Интервал времени Δti, ч | D89: Середина интервала tср.i, ч | E89: Число отказов ni, шт. | F89: Произведение (ni · tср.i), ч·шт | G89: Пояснение
B90: 1 | C90: 0 - 5 | D90: 2.5 | E90: 1 | F90: =D90*E90 -> 2.5 | G90: tср = (0+5)/2 = 2.5 ч
B91: 2 | C91: 5 - 10 | D91: 7.5 | E91: 5 | F91: =D91*E91 -> 37.5 | G91: tср = (5+10)/2 = 7.5 ч
B92: 3 | C92: 10 - 15 | D92: 12.5 | E92: 8 | F92: =D92*E92 -> 100 | G92: tср = (10+15)/2 = 12.5 ч
B93: 4 | C93: 15 - 20 | D93: 17.5 | E93: 2 | F93: =D93*E93 -> 35 | G93: tср = (15+20)/2 = 17.5 ч
B94: 5 | C94: 20 - 25 | D94: 22.5 | E94: 5 | F94: =D94*E94 -> 112.5 | G94: tср = (20+25)/2 = 22.5 ч
B95: 6 | C95: 25 - 30 | D95: 27.5 | E95: 6 | F95: =D95*E95 -> 165 | G95: tср = (25+30)/2 = 27.5 ч
B96: 7 | C96: 30 - 35 | D96: 32.5 | E96: 4 | F96: =D96*E96 -> 130 | G96: tср = (30+35)/2 = 32.5 ч
B97: 8 | C97: 35 - 40 | D97: 37.5 | E97: 3 | F97: =D97*E97 -> 112.5 | G97: tср = (35+40)/2 = 37.5 ч
B98: 9 | C98: 40 - 45 | D98: 42.5 | E98: 0 | F98: =D98*E98 -> 0 | G98: tср = (40+45)/2 = 42.5 ч
B99: 10 | C99: 45 - 50 | D99: 47.5 | E99: 1 | F99: =D99*E99 -> 47.5 | G99: tср = (45+50)/2 = 47.5 ч
B100: 11 | C100: 50 - 55 | D100: 52.5 | E100: 0 | F100: =D100*E100 -> 0 | G100: tср = (50+55)/2 = 52.5 ч
B101: 12 | C101: 55 - 60 | D101: 57.5 | E101: 0 | F101: =D101*E101 -> 0 | G101: tср = (55+60)/2 = 57.5 ч
... B105: 16 | C105: 75 - 80 | D105: 77.5 | E105: 1 | F105: =D105*E105 -> 77.5 | G105: tср = (75+80)/2 = 77.5 ч
B106: ИТОГО (Сумма): | E106: =SUM(E90:E105) -> 45 | F106: =SUM(F90:F105) -> 1427.5 | G106: N = 45; Σ(ni · tср.i) = 1427.5 ч·шт
B108: Таблица 2. Расчет среднего времени безотказной работы по формуле (1.6)
B109: Определяемый показатель | C109: Обозначение | D109: Математическая формула | E109: Значение (формула Excel) | F109: Ед. изм. | G109: Пояснение к результату
B110: Сумма произведений Σ(ni · tср.i) | C110: Σ(ni·tср.i) | D110: =F106 -> 1427.5 | E110: =F106 -> 1427.5 | F110: ч·шт | G110: Суммарная наработка выборки
B111: Объем выборки изделий | C111: N | D111: =E106 -> 45 | E111: =E106 -> 45 | F111: шт. | G111: Количество вышедших из строя изделий
B112: Среднее время безотказной работы | C112: mt* | D112: Σ(ni·tср.i) / N | E112: =F106/E106 -> 31.722222 | F112: ч | G112: mt* = 1427.5 / 45 ≈ 31.72 ч (в слайде 31.7 ч)
B113: ВЫВОД / ОТВЕТ: Статистическая оценка среднего времени безотказной работы образцов: mt* = 31,72 ч ≈ 31,7 ч.

Sheet Теория и формулы
B2: ТЕОРЕТИЧЕСКИЙ СПРАВОЧНИК — ХАРАКТЕРИСТИКИ НАДЕЖНОСТИ
B3: Основные формулы и определения статистической теории надежности (по ГОСТ 27.002 и материалам темы 1)
B4: Определения, обозначения, математические формулы и физический смысл
B6: СВОДНАЯ ТАБЛИЦА СТАТИСТИЧЕСКИХ ОЦЕНОК НАДЕЖНОСТИ
B7: Показатель надежности | C7: Обозначение | D7: Математическая формула | E7: Номер формулы | F7: Ед. изм. | G7: Физический смысл и примечание
B8: Вероятность безотказной работы | C8: p(t) | D8: p(t) = n(t) / N | E8: (1.1) | F8: — (безразм.) | G8: Вероятность того, что в пределах заданной наработки t отказ объекта не возникнет.
B9: Вероятность отказа | C9: q(t) | D9: q(t) = [N - n(t)] / N = 1 - p(t) | E9: (1.2) | F9: — (безразм.) | G9: Вероятность того, что изделие откажет хотя бы один раз к моменту времени t.
B10: Частота отказов (плотность распределения) | C10: f(t) | D10: f(t) = Δn(t) / (N · Δt) | E10: (1.3) | F10: 1/ч (ч⁻¹) | G10: Отношение числа отказавших изделий на участке (t, t+Δt) к произведению N на Δt.
B11: Интенсивность отказов | C11: λ(t) | D11: λ(t) = Δn(t) / [n(t) · Δt] | E11: (1.4) | F11: 1/ч (ч⁻¹) | G11: Условная плотность вероятности возникновения отказа для объекта, дошедшего работоспособным до момента t.
B12: Среднее время безотказной работы (индивидуальное) | C12: mt* | D12: mt* = (1 / N) · Σ ti | E12: (1.5) | F12: ч, мин, с | G12: Математическое ожидание наработки изделия до первого отказа при известных моментах отказа всех N изделий.
B13: Среднее время безотказной работы (группированное) | C13: mt* | D13: mt* ≈ (1 / N) · Σ (ni · tср.i) | E13: (1.6) | F13: ч, мин, с | G13: Оценка наработки по интервальному ряду, где tср.i = (ti-1 + ti)/2 — середина i-го интервала.
B14: Выборочная дисперсия времени безотказной работы | C14: Dt* | D14: Dt* = [1 / (N - 1)] · Σ (ti - mt*)^2 | E14: (1.7) | F14: ч², с² | G14: Характеризует рассеяние (разброс) времени безотказной работы изделий относительно среднего mt*.
B15: Среднее квадратическое отклонение (СКО) | C15: σt | D15: σt = SQRT(Dt*) | E15: — | F15: ч, мин, с | G15: Абсолютная мера разброса наработок до отказа в тех же единицах измерения, что и наработка.
B16: Среднее время восстановления | C16: m_в (mt) | D16: m_в = (1 / N) · Σ tв.i | E16: — | F16: мин, ч | G16: Математическое ожидание времени восстановления работоспособного состояния объекта после отказа.
B18: ОСНОВНЫЕ СООТНОШЕНИЯ МЕЖДУ ПОКАЗАТЕЛЯМИ НАДЕЖНОСТИ
B19: Связь вероятности безотказной работы и вероятности отказа: | C19: p(t) + q(t) = 1 <=> p(t) = 1 - q(t) <=> q(t) = 1 - p(t)
B20: Связь интенсивности отказов и частоты отказов: | C20: λ(t) = f(t) / p(t) <=> f(t) = λ(t) · p(t)
B21: Для экспоненциального закона распределения (λ = const): | C21: p(t) = exp(-λ · t); f(t) = λ · exp(-λ · t); mt = 1 / λ
B22: Для последовательного соединения независимых блоков по надежности: | C22: λ_сист = Σ λ_i; mt_сист = 1 / λ_сист = 1 / (Σ (1 / mt_i))
