Workbook

Sheet Итоговая ведомость
B2: ИТОГОВАЯ ВЕДОМОСТЬ — ПРАКТИЧЕСКАЯ РАБОТА № 3
B3: Студент: Гарифуллин | Вариант / Задания № 8 – 13
B4: Сводная таблица результатов аналитического расчета надежности системы
B6: Сводные числовые результаты расчета последовательных систем:
B7: № задания | C7: Объект расчета | D7: Показатель | E7: Формула | F7: Результат | G7: Ед. изм.
B8: Задание 8 | C8: Аппаратура связи (2000 элементов, t=200 ч) | D8: Pc(200) | E8: Pc = exp(-λc·t) | F8: ='Расчетная часть (№8-13)'!D18 | G8: —
B9: Задание 8 | C9: Аппаратура связи (2000 элементов, t=200 ч) | D9: mtc | E9: mtc = 1 / λc | F9: ='Расчетная часть (№8-13)'!D19 | G9: ч
B10: Задание 9 | C10: ЭВМ из 200000 элементов (сутки) | D10: Pc(24) | E10: Pc = exp(-λc·t) | F10: ='Расчетная часть (№8-13)'!D34 | G10: —
B11: Задание 9 | C11: ЭВМ из 200000 элементов (сутки) | D11: mtc | E11: mtc = 1 / λc | F11: ='Расчетная часть (№8-13)'!D35 | G11: ч
B12: Задание 10 | C12: Система управления (6000 элементов, t=50 ч) | D12: Pc(50) | E12: Pc = exp(-λc·t) | F12: ='Расчетная часть (№8-13)'!D50 | G12: —
B13: Задание 10 | C13: Система управления (6000 элементов, t=50 ч) | D13: mtc | E13: mtc = 1 / λc | F13: ='Расчетная часть (№8-13)'!D51 | G13: ч
B14: Задание 11 | C14: Прибор из 5 узлов | D14: Pc (точная) | E14: Pc = Π Pi | F14: ='Расчетная часть (№8-13)'!D67 | G14: —
B15: Задание 11 | C15: Прибор из 5 узлов | D15: Pc (прибл.) | E15: Pc ≈ 1 - Σ qi | F15: ='Расчетная часть (№8-13)'!D68 | G15: —
B16: Задание 12 | C16: Система из 5 приборов (mti = {83, 220, 280, 400, 700}) | D16: λc | E16: λc = Σ(1/mti) | F16: ='Расчетная часть (№8-13)'!E81 | G16: 1/ч
B17: Задание 12 | C17: Система из 5 приборов (mti = {83, 220, 280, 400, 700}) | D17: mtc | E17: mtc = 1 / λc | F17: ='Расчетная часть (№8-13)'!D85 | G17: ч
B18: Задание 13 | C18: 5 блоков с Pi={0.98..0.985} за 50 ч | D18: mtc | E18: mtc = -t / ln(Pc) | F18: ='Расчетная часть (№8-13)'!D104 | G18: ч

Sheet Расчетная часть (№8-13)
B2: РАСЧЕТНАЯ ЧАСТЬ ПРАКТИЧЕСКОЙ РАБОТЫ № 3 (ЗАДАНИЯ 8 – 13)
B3: Последовательное соединение элементов в систему | Студент: Гарифуллин
B4: Расчет показателей надежности формулами Excel со ссылками на исходные ячейки
B6: Задание 8. Аппаратура связи (2000 элементов, t = 200 ч)
B7: Условие задания: Аппаратура связи: n = 2000 элементов, λср = 0,33∙10⁻⁵ ч⁻¹. Определить Pc(200) и mtc.
B9: 1. Исходные данные:
B10: Параметр | C10: Обозначение | D10: Значение | E10: Размерность
B11: Число элементов | C11: n | D11: 2000 | E11: шт.
B12: Интенсивность λср | C12: l_elem | D12: 3.3e-06 | E12: 1/ч
B13: Время t | C13: t | D13: 200 | E13: ч
B15: 2. Формульный расчет:
B16: Искомый показатель | C16: Матем. формула | D16: Значение в Excel | E16: Размерность
B17: Интенсивность системы λc | C17: n · λср | D17: =D11*D12 | E17: 1/ч
B18: Вероятность безотказной работы | C18: exp(-λc·t) | D18: =EXP(-D17*D13) | E18: —
B19: Среднее время работы системы | C19: 1 / λc | D19: =1/D17 | E19: ч
B20: Ответ: Pc(200) = 0,2671 (26,71%); mtc = 151,52 ч.
B22: Задание 9. ЭВМ из 200000 элементов (сутки, t = 24 ч)
B23: Условие задания: Невосстанавливаемая машина: n = 200000, λср = 0,2∙10⁻⁶ ч⁻¹. Найти Pc(24) и mtc.
B25: 1. Исходные данные:
B26: Параметр | C26: Обозначение | D26: Значение | E26: Размерность
B27: Число элементов | C27: n | D27: 200000 | E27: шт.
B28: Интенсивность λср | C28: l_elem | D28: 2e-07 | E28: 1/ч
B29: Сутки t | C29: t | D29: 24 | E29: ч
B31: 2. Формульный расчет:
B32: Искомый показатель | C32: Матем. формула | D32: Значение в Excel | E32: Размерность
B33: Интенсивность системы λc | C33: n · λср | D33: =D27*D28 | E33: 1/ч
B34: Вероятность безотказной работы | C34: exp(-λc·t) | D34: =EXP(-D33*D29) | E34: —
B35: Среднее время работы ЭВМ | C35: 1 / λc | D35: =1/D33 | E35: ч
B36: Ответ: Pc(24) = 0,3829 (38,29%); mtc = 25,00 ч.
B38: Задание 10. Система управления (6000 элементов, t = 50 ч)
B39: Условие задания: Система управления: n = 6000, λср = 0,16∙10⁻⁶ ч⁻¹. Определить Pc(50) и mtc.
B41: 1. Исходные данные:
B42: Параметр | C42: Обозначение | D42: Значение | E42: Размерность
B43: Число элементов | C43: n | D43: 6000 | E43: шт.
B44: Интенсивность λср | C44: l_elem | D44: 1.6e-07 | E44: 1/ч
B45: Время t | C45: t | D45: 50 | E45: ч
B47: 2. Формульный расчет:
B48: Искомый показатель | C48: Матем. формула | D48: Значение в Excel | E48: Размерность
B49: Интенсивность системы λc | C49: n · λср | D49: =D43*D44 | E49: 1/ч
B50: Вероятность безотказной работы | C50: exp(-λc·t) | D50: =EXP(-D49*D45) | E50: —
B51: Средняя наработка системы | C51: 1 / λc | D51: =1/D49 | E51: ч
B52: Ответ: Pc(50) = 0,9531 (95,31%); mtc = 1041,67 ч.
B54: Задание 11. Надежность прибора из 5 узлов
B55: Условие задания: P1 = 0,98; P2 = 0,99; P3 = 0,998; P4 = 0,975; P5 = 0,985. Определить надежность прибора.
B57: 1. Исходные данные:
B58: Параметр | C58: Обозначение | D58: Значение | E58: Размерность
B59: Узел 1 | C59: P1 | D59: 0.98 | E59: —
B60: Узел 2 | C60: P2 | D60: 0.99 | E60: —
B61: Узел 3 | C61: P3 | D61: 0.998 | E61: —
B62: Узел 4 | C62: P4 | D62: 0.975 | E62: —
B63: Узел 5 | C63: P5 | D63: 0.985 | E63: —
B65: 2. Формульный расчет:
B66: Искомый показатель | C66: Матем. формула | D66: Значение в Excel | E66: Размерность
B67: Точная вероятность Pc | C67: Π Pi | D67: =D59*D60*D61*D62*D63 | E67: —
B68: Приближенная вероятность по (3.18) | C68: 1 - Σ(1 - Pi) | D68: =1-((1-D59)+(1-D60)+(1-D61)+(1-D62)+(1-D63)) | E68: —
B69: Ответ: Pc = 0,9301 (приближенно 0,9280).
B71: Задание 12. Система из 5 приборов
B72: Условие: mt1 = 83 ч, mt2 = 220 ч, mt3 = 280 ч, mt4 = 400 ч, mt5 = 700 ч. Экспоненциальный закон надежности. Найти mtc.
B74: 1. Наработки и интенсивности приборов:
B75: № | C75: Обозначение | D75: mti (ч) | E75: λi = 1/mti (1/ч) | F75: Примечание
B76: 1 | C76: mt1 | D76: 83 | E76: =1/D76 | F76: Прибор 1
B77: 2 | C77: mt2 | D77: 220 | E77: =1/D77 | F77: Прибор 2
B78: 3 | C78: mt3 | D78: 280 | E78: =1/D78 | F78: Прибор 3
B79: 4 | C79: mt4 | D79: 400 | E79: =1/D79 | F79: Прибор 4
B80: 5 | C80: mt5 | D80: 700 | E80: =1/D80 | F80: Прибор 5
B81: Интенсивность отказов системы λc = Σ λi : | E81: =SUM(E76:E80) | F81: 1/ч
B83: 2. Итоговое время безотказной работы системы:
B84: Искомый показатель | C84: Матем. формула | D84: Значение в Excel | E84: Размерность
B85: Среднее время работы системы mtc | C85: 1 / λc | D85: =1/E81 | E85: ч
B86: Ответ: λc = 0,024094 1/ч; mtc = 41,50 ч.
B88: Задание 13. Средняя наработка прибора из 5 блоков (t = 50 ч)
B89: Условие задания: P1 = 0,98; P2 = 0,99; P3 = 0,998; P4 = 0,975; P5 = 0,985 при t = 50 ч. Экспоненциальный закон. Найти mtc.
B91: 1. Исходные данные:
B92: Параметр | C92: Обозначение | D92: Значение | E92: Размерность
B93: Блок 1 | C93: P1 | D93: 0.98 | E93: —
B94: Блок 2 | C94: P2 | D94: 0.99 | E94: —
B95: Блок 3 | C95: P3 | D95: 0.998 | E95: —
B96: Блок 4 | C96: P4 | D96: 0.975 | E96: —
B97: Блок 5 | C97: P5 | D97: 0.985 | E97: —
B98: Время t | C98: t | D98: 50 | E98: ч
B100: 2. Формульный расчет:
B101: Искомый показатель | C101: Матем. формула | D101: Значение в Excel | E101: Размерность
B102: Вероятность прибора Pc(50) | C102: Π Pi | D102: =D93*D94*D95*D96*D97 | E102: —
B103: Интенсивность отказов λc | C103: -LN(Pc) / t | D103: =-LN(D102)/D98 | E103: 1/ч
B104: Среднее время работы прибора mtc | C104: 1 / λc | D104: =1/D103 | E104: ч
B105: Ответ: Pc(50) = 0,9301; λc = 0,001450 1/ч; mtc = 689,57 ч.
