Workbook

Sheet Итоговая ведомость
B2: ИТОГОВАЯ ВЕДОМОСТЬ РАСЧЕТА НАДЕЖНОСТИ (ПРАКТИКА № 4)
B3: Сводная таблица параметров и контрольных значений по задачам постоянного резервирования
B4: Студент: Гарифуллин Камиль Рамилевич | Группа: ЭАС-414С
B6: Выполнил студент: | D6: Гарифуллин Камиль Рамилевич
B7: Группа / Специальность: | D7: ЭАС-414С / Электропривод и автоматика
B8: Дисциплина: | D8: Надежность автоматизированных систем (НАС)
B9: Тема работы: | D9: Расчет надежности системы с постоянным резервированием (Слайды 19-28)
B11: № Задачи | C11: Объект исследования | D11: Определяемый показатель | E11: Формула связи | F11: Численный результат | G11: Ед. изм. | H11: Оценка
B12: № 4 | C12: Трехблочная система без резерва | D12: Pc_нр(100) | E12: ='Расчетная часть (№4-14)'!E14 | F12: — | G12: Соответствует
B13: № 4 | C13: Трехблочная система с дублированием | D13: Pc_дубл(100) | E13: ='Расчетная часть (№4-14)'!E15 | F13: — | G13: Соответствует
B14: № 5 | C14: Сложная система 4.3 (надежность) | D14: Pc(100) | E14: ='Расчетная часть (№4-14)'!E26 | F14: — | G14: Соответствует
B15: № 5 | C15: Сложная система 4.3 (наработка) | D15: mtc | E15: ='Расчетная часть (№4-14)'!E27 | F15: ч | G15: Соответствует
B16: № 6 | C16: Радиопередатчик с дублированием (наработка) | D16: mtc | E16: ='Расчетная часть (№4-14)'!E40 | F16: ч | G16: Соответствует
B17: № 6 | C17: Радиопередатчик с дублированием (надежность) | D17: Pc(100) | E17: ='Расчетная часть (№4-14)'!E41 | F17: — | G17: Соответствует
B18: № 7 | C18: Дублированная цепь 4.4 (наработка mtc) | D18: mtc | E18: ='Расчетная часть (№4-14)'!E54 | F18: ч | G18: Соответствует
B19: № 7 | C19: Дублированная цепь 4.4 (интенсивность λc) | D19: λc(100) | E19: ='Расчетная часть (№4-14)'!E55 | F19: 1/ч | G19: Соответствует
B20: № 8 | C20: Трехблочная цепь без резерва | D20: Pc_нр(100) | E20: ='Расчетная часть (№4-14)'!E67 | F20: — | G20: Соответствует
B21: № 8 | C21: Трехблочная цепь с дублированием | D21: Pc_дубл(100) | E21: ='Расчетная часть (№4-14)'!E68 | F21: — | G21: Соответствует
B22: № 9 | C22: Тройное резервирование 4.5 (надежность) | D22: Pc(100) | E22: ='Расчетная часть (№4-14)'!E81 | F22: — | G22: Соответствует
B23: № 9 | C23: Тройное резервирование 4.5 (наработка) | D23: mtc | E23: ='Расчетная часть (№4-14)'!E82 | F23: ч | G23: Соответствует
B24: № 9 | C24: Тройное резервирование 4.5 (интенсивность) | D24: λc(100) | E24: ='Расчетная часть (№4-14)'!E84 | F24: 1/ч | G24: Соответствует
B25: № 10 | C25: Телевизионный канал (средняя наработка) | D25: mtc | E25: ='Расчетная часть (№4-14)'!E95 | F25: ч | G25: Соответствует
B26: № 10 | C26: Телевизионный канал (надежность t=50 ч) | D26: Pc(50) | E26: ='Расчетная часть (№4-14)'!E96 | F26: — | G26: Соответствует
B27: № 11 | C27: Дублированная цепь двух блоков (интенсивность) | D27: λc(50) | E27: ='Расчетная часть (№4-14)'!E109 | F27: 1/ч | G27: Соответствует
B28: № 12 | C28: Система 4000 элементов (λдоп без резерва) | D28: λдоп_а | E28: ='Расчетная часть (№4-14)'!E120 | F28: 1/ч | G28: Соответствует
B29: № 12 | C29: Система 4000 элементов (λдоп с дублированием) | D29: λдоп_б | E29: ='Расчетная часть (№4-14)'!E122 | F29: 1/ч | G29: Соответствует
B30: № 13 | C30: Требуемая надежность блока: без резерва | D30: Pбл_а | E30: ='Расчетная часть (№4-14)'!E132 | F30: — | G30: Соответствует
B31: № 13 | C31: Требуемая надежность блока: общее дублирование | D31: Pбл_б | E31: ='Расчетная часть (№4-14)'!E134 | F31: — | G31: Соответствует
B32: № 13 | C32: Требуемая надежность блока: раздельное дублирование | D32: Pбл_в | E32: ='Расчетная часть (№4-14)'!E136 | F32: — | G32: Соответствует
B33: № 14 | C33: Двухблочный вычислитель (надежность t=20 ч) | D33: Pc(20) | E33: ='Расчетная часть (№4-14)'!E148 | F33: — | G33: Соответствует
B34: № 14 | C34: Двухблочный вычислитель (наработка mtc) | D34: mtc | E34: ='Расчетная часть (№4-14)'!E147 | F34: ч | G34: Соответствует

Sheet Расчетная часть (№4-14)
B2: ИНЖЕНЕРНЫЙ РАСЧЕТ НАДЕЖНОСТИ РЕЗЕРВИРОВАННЫХ СИСТЕМ (№ 4 – 14)
B3: Практическая работа № 4. Вариант Гарифуллина К.Р. (группа ЭАС-414С)
B4: Математическое моделирование систем с постоянным резервированием в среде MS Excel
B6: ЗАДАЧА № 4. СИСТЕМА ИЗ ТРЕХ БЛОКОВ С ОБЩИМ ДУБЛИРОВАНИЕМ
B7: Постановка задачи: Технологическая система из 3 блоков (λ1=4*10^-4, λ2=2.5*10^-4, λ3=3*10^-4 1/ч). Расчет Pc при t=100 ч без резерва и с общим дублированием.
B8: Показатель / Этап расчета | C8: Символ | D8: Математическая модель | E8: Численное значение | F8: Ед. | G8: Характеристика параметра
B9: Интенсивность отказа блока 1 | C9: λ1 | D9: Исходные данные | E9: 0.0004 | F9: 1/ч | G9: Блок 1 (4.0*10^-4)
B10: Интенсивность отказа блока 2 | C10: λ2 | D10: Исходные данные | E10: 0.00025 | F10: 1/ч | G10: Блок 2 (2.5*10^-4)
B11: Интенсивность отказа блока 3 | C11: λ3 | D11: Исходные данные | E11: 0.0003 | F11: 1/ч | G11: Блок 3 (3.0*10^-4)
B12: Время непрерывной работы | C12: t | D12: Исходные данные | E12: 100 | F12: ч | G12: Контрольный период
B13: Интенсивность основной цепи | C13: λ0 | D13: λ1 + λ2 + λ3 | E13: =E9+E10+E11 | F13: 1/ч | G13: Суммарная интенсивность цепи
B14: а) Надежность без резервирования | C14: Pc_нр | D14: EXP(-λ0 * t) | E14: =EXP(-E13*E12) | F14: — | G14: Pc(100) = e^-0.095 ≈ 0.90938
B15: б) Надежность с общим дублированием | C15: Pc_дубл | D15: 1 - (1 - EXP(-λ0*t))^2 | E15: =1-(1-EXP(-E13*E12))^2 | F15: — | G15: Pc(100) = 2e^-λ0t - e^-2λ0t
B16: Инженерное заключение: Общее дублирование повышает надежность с 90.94% до 99.18%, снижая вероятность отказа почти в 11 раз.
B19: ЗАДАЧА № 5. АНАЛИЗ СЛОЖНОЙ СТРУКТУРЫ С РЕЗЕРВИРОВАНИЕМ (РИС. 4.3)
B20: Постановка задачи: Логическая схема 4.3: часть I (две ветви по 4 блока λ) соединена последовательно с частью II (1 блок λ). Найти Pc(t), mtc, fc(t), λc(t).
B21: Показатель / Этап расчета | C21: Символ | D21: Математическая модель | E21: Численное значение | F21: Ед. | G21: Характеристика параметра
B22: Блоков в параллельной цепи | C22: n1 | D22: Схема 4.3 | E22: 4 | F22: шт. | G22: Последовательно в ветви
B23: Базовая интенсивность блока | C23: λ | D23: Принято | E23: 0.0001 | F23: 1/ч | G23: λ = 1.0*10^-4 1/ч
B24: Период наработки | C24: t | D24: Принято | E24: 100 | F24: ч | G24: Контрольная наработка
B25: Интенсивность параллельной ветви | C25: λ_ветвь | D25: 4 * λ | E25: =4*E23 | F25: 1/ч | G25: Интенсивность одной цепи 4λ
B26: Вероятность системы Pc(t) | C26: Pc(t) | D26: 2*EXP(-5*λ*t) - EXP(-9*λ*t) | E26: =2*EXP(-5*E23*E24)-EXP(-9*E23*E24) | F26: — | G26: Pc(t) = 2e^-5λt - e^-9λt
B27: Средняя наработка системы mtc | C27: mtc | D27: 13 / (45 * λ) | E27: =13/(45*E23) | F27: ч | G27: mtc = 13/(45λ) = 2888.89 ч
B28: Частота отказов системы fc(t) | C28: fc(t) | D28: 10*λ*EXP(-5*λ*t) - 9*λ*EXP(-9*λ*t) | E28: =10*E23*EXP(-5*E23*E24)-9*E23*EXP(-9*E23*E24) | F28: 1/ч | G28: fc(t) = -dPc/dt
B29: Интенсивность отказов системы λc(t) | C29: λc(t) | D29: fc(t) / Pc(t) | E29: =E28/E26 | F29: 1/ч | G29: λc(t) = λ(10-9e^-4λt)/(2-e^-4λt)
B30: Инженерное заключение: Аналитические модели: Pc(t) = 2e^-5λt - e^-9λt, mtc = 13/(45λ), fc(t) = 10λe^-5λt - 9λe^-9λt.
B33: ЗАДАЧА № 6. ОБЩЕЕ ПОСТОЯННОЕ ДУБЛИРОВАНИЕ РАДИОПЕРЕДАТЧИКА
B34: Постановка задачи: Радиопередатчик из 3 каскадов (λ=5*10^-4 1/ч), общее дублирование. Найти Pc(t), mtc, fc(t), λc(t).
B35: Показатель / Этап расчета | C35: Символ | D35: Математическая модель | E35: Численное значение | F35: Ед. | G35: Характеристика параметра
B36: Число каскадов | C36: n | D36: Исходные данные | E36: 3 | F36: шт. | G36: Последовательные узлы
B37: Интенсивность каскада | C37: λ | D37: Исходные данные | E37: 0.0005 | F37: 1/ч | G37: λ = 5.0*10^-4 1/ч
B38: Контрольное время | C38: t | D38: Принято | E38: 100 | F38: ч | G38: t = 100 ч
B39: Интенсивность цепи передатчика | C39: λ0 | D39: n * λ | E39: =E36*E37 | F39: 1/ч | G39: λ0 = 0.0015 1/ч
B40: Средняя наработка mtc | C40: mtc | D40: 1.5 / λ0 | E40: =1.5/E39 | F40: ч | G40: mtc = 1.5 / 0.0015 = 1000 ч
B41: Вероятность работы Pc(t) | C41: Pc(t) | D41: 1 - (1 - EXP(-λ0*t))^2 | E41: =1-(1-EXP(-E39*E38))^2 | F41: — | G41: Pc(100) = 0.98060
B42: Частота отказов fc(t) | C42: fc(t) | D42: 2*λ0*EXP(-λ0*t)*(1-EXP(-λ0*t)) | E42: =2*E39*EXP(-E39*E38)*(1-EXP(-E39*E38)) | F42: 1/ч | G42: fc(100) ≈ 0.000360 1/ч
B43: Интенсивность отказов λc(t) | C43: λc(t) | D43: fc(t) / Pc(t) | E43: =E42/E41 | F43: 1/ч | G43: λc(100) ≈ 0.000367 1/ч
B44: Инженерное заключение: mtc = 1000 ч; Pc(t) = 2e^-0.0015t - e^-0.003t. Вероятность безотказной работы на интервале 100 ч составляет 98.06%.
B47: ЗАДАЧА № 7. ИНТЕНСИВНОСТЬ ОТКАЗОВ СХЕМЫ 4.4
B48: Постановка задачи: Схема 4.4: две ветви по 4 блока λ. Нагруженный резерв. Определить аналитическое выражение интенсивности отказов λc(t).
B49: Показатель / Этап расчета | C49: Символ | D49: Математическая модель | E49: Численное значение | F49: Ед. | G49: Характеристика параметра
B50: Число блоков цепи | C50: n | D50: Схема 4.4 | E50: 4 | F50: шт. | G50: 4 блока в ветви
B51: Базовая интенсивность | C51: λ | D51: Принято | E51: 0.0001 | F51: 1/ч | G51: λ = 1.0*10^-4 1/ч
B52: Время t | C52: t | D52: Принято | E52: 100 | F52: ч | G52: t = 100 ч
B53: Интенсивность ветви | C53: λ0 | D53: 4 * λ | E53: =4*E51 | F53: 1/ч | G53: λ0 = 0.0004 1/ч
B54: Наработка на отказ mtc | C54: mtc | D54: 1.5 / λ0 | E54: =1.5/E53 | F54: ч | G54: mtc = 3/(8λ) = 3750 ч
B55: Интенсивность отказов λc(t) | C55: λc(t) | D55: (8*λ*(1-EXP(-4*λ*t)))/(2-EXP(-4*λ*t)) | E55: =(8*E51*(1-EXP(-4*E51*E52)))/(2-EXP(-4*E51*E52)) | F55: 1/ч | G55: λc(t) = 8λ(1-e^-4λt)/(2-e^-4λt)
B56: Инженерное заключение: Аналитическая зависимость: λc(t) = 8λ(1 - e^-4λt) / (2 - e^-4λt).
B59: ЗАДАЧА № 8. НАДЕЖНОСТЬ ТРЕХБЛОЧНОЙ СИСТЕМЫ
B60: Постановка задачи: Технологическая система из блоков I, II, III (λ1, λ2, λ3). Найти Pc(t) без резерва и при дублировании системы в целом.
B61: Показатель / Этап расчета | C61: Символ | D61: Математическая модель | E61: Численное значение | F61: Ед. | G61: Характеристика параметра
B62: Интенсивность блока 1 | C62: λ1 | D62: Исходные данные | E62: 0.0002 | F62: 1/ч | G62: λ1 = 2.0*10^-4 1/ч
B63: Интенсивность блока 2 | C63: λ2 | D63: Исходные данные | E63: 0.0003 | F63: 1/ч | G63: λ2 = 3.0*10^-4 1/ч
B64: Интенсивность блока 3 | C64: λ3 | D64: Исходные данные | E64: 0.0005 | F64: 1/ч | G64: λ3 = 5.0*10^-4 1/ч
B65: Время работы | C65: t | D65: Принято | E65: 100 | F65: ч | G65: Контрольная точка t = 100 ч
B66: Интенсивность цепи | C66: λ0 | D66: λ1 + λ2 + λ3 | E66: =E62+E63+E64 | F66: 1/ч | G66: λ0 = 0.001 1/ч
B67: а) Надежность без резерва | C67: Pc_нр | D67: EXP(-λ0 * t) | E67: =EXP(-E66*E65) | F67: — | G67: Pc(t) = e^-(λ1+λ2+λ3)t
B68: б) Надежность с дублированием | C68: Pc_дубл | D68: 1 - (1 - EXP(-λ0*t))^2 | E68: =1-(1-EXP(-E66*E65))^2 | F68: — | G68: Pc(t) = 2e^-λ0t - e^-2λ0t
B69: Инженерное заключение: а) Pc = e^-λ0t; б) Pc = 2e^-λ0t - e^-2λ0t, где λ0 = λ1 + λ2 + λ3.
B72: ЗАДАЧА № 9. РАСЧЕТ ИЗДЕЛИЯ С ТРОЙНЫМ РЕЗЕРВИРОВАНИЕМ
B73: Постановка задачи: Схема 4.5: тройное резервирование цепей (m=2). В ветви λ1=0.3*10^-3, λ2=0.7*10^-3 1/ч. Найти Pc(100), mtc, fc(100), λc(100).
B74: Показатель / Этап расчета | C74: Символ | D74: Математическая модель | E74: Численное значение | F74: Ед. | G74: Характеристика параметра
B75: Интенсивность элемента 1 | C75: λ1 | D75: Дано | E75: 0.0003 | F75: 1/ч | G75: λ1 = 0.3*10^-3 1/ч
B76: Интенсивность элемента 2 | C76: λ2 | D76: Дано | E76: 0.0007 | F76: 1/ч | G76: λ2 = 0.7*10^-3 1/ч
B77: Число цепей (кратность m=2) | C77: k | D77: Схема 4.5 | E77: 3 | F77: шт. | G77: 3 параллельные цепи
B78: Время t | C78: t | D78: Дано | E78: 100 | F78: ч | G78: t = 100 ч
B79: Интенсивность одной цепи | C79: λ0 | D79: λ1 + λ2 | E79: =E75+E76 | F79: 1/ч | G79: λ0 = 0.001 1/ч
B80: Вероятность цепи P0(t) | C80: P0(t) | D80: EXP(-λ0 * t) | E80: =EXP(-E79*E78) | F80: — | G80: P0(100) = e^-0.1 ≈ 0.90484
B81: Вероятность системы Pc(100) | C81: Pc(100) | D81: 1 - (1 - P0(t))^3 | E81: =1-(1-E80)^3 | F81: — | G81: Pc(100) = 1 - (1 - e^-0.1)^3 ≈ 0.99914
B82: Средняя наработка mtc | C82: mtc | D82: (11/6) / λ0 | E82: =(1+1/2+1/3)/E79 | F82: ч | G82: mtc = 1833.33 ч
B83: Частота отказов fc(100) | C83: fc(100) | D83: 3*λ0*P0*(1-P0)^2 | E83: =3*E79*E80*(1-E80)^2 | F83: 1/ч | G83: fc(100) ≈ 2.46*10^-5 1/ч
B84: Интенсивность отказов λc(100) | C84: λc(100) | D84: fc(100) / Pc(100) | E84: =E83/E81 | F84: 1/ч | G84: λc(100) ≈ 2.46*10^-5 1/ч
B85: Инженерное заключение: Тройное резервирование обеспечивает Pc(100) = 99.91% и наработку mtc = 1833.33 ч.
B88: ЗАДАЧА № 10. ДУБЛИРОВАНИЕ ТЕЛЕВИЗИОННОГО КАНАЛА СВЯЗИ
B89: Постановка задачи: Телевизионный канал (схема 4.6): передатчик (λп=2*10^-3) и приемник (λпр=1*10^-3 1/ч), общее дублирование. Найти Pc(t), mtc, fc(t), λc(t).
B90: Показатель / Этап расчета | C90: Символ | D90: Математическая модель | E90: Численное значение | F90: Ед. | G90: Характеристика параметра
B91: Интенсивность передатчика | C91: λп | D91: Дано | E91: 0.002 | F91: 1/ч | G91: λп = 2.0*10^-3 1/ч
B92: Интенсивность приемника | C92: λпр | D92: Дано | E92: 0.001 | F92: 1/ч | G92: λпр = 1.0*10^-3 1/ч
B93: Время t | C93: t | D93: Принято | E93: 50 | F93: ч | G93: t = 50 ч
B94: Интенсивность цепи канала | C94: λ0 | D94: λп + λпр | E94: =E91+E92 | F94: 1/ч | G94: λ0 = 0.003 1/ч
B95: Средняя наработка канала mtc | C95: mtc | D95: 1.5 / λ0 | E95: =1.5/E94 | F95: ч | G95: mtc = 1.5 / 0.003 = 500 ч
B96: Вероятность работы Pc(t) | C96: Pc(t) | D96: 1 - (1 - EXP(-λ0*t))^2 | E96: =1-(1-EXP(-E94*E93))^2 | F96: — | G96: Pc(50) = 0.98060
B97: Частота отказов fc(t) | C97: fc(t) | D97: 2*λ0*EXP(-λ0*t)*(1-EXP(-λ0*t)) | E97: =2*E94*EXP(-E94*E93)*(1-EXP(-E94*E93)) | F97: 1/ч | G97: fc(50) ≈ 0.000719 1/ч
B98: Интенсивность отказов λc(t) | C98: λc(t) | D98: fc(t) / Pc(t) | E98: =E97/E96 | F98: 1/ч | G98: λc(50) ≈ 0.000734 1/ч
B99: Инженерное заключение: mtc = 500 ч; аналитические зависимости: Pc(t) = 2e^-0.003t - e^-0.006t; fc(t) = 0.006e^-0.003t(1-e^-0.003t).
B102: ЗАДАЧА № 11. ИНТЕНСИВНОСТЬ ОТКАЗОВ СХЕМЫ 4.7
B103: Постановка задачи: Схема 4.7: дублирование цепи двух элементов λ1, λ2. Найти интенсивность отказов λc(t).
B104: Показатель / Этап расчета | C104: Символ | D104: Математическая модель | E104: Численное значение | F104: Ед. | G104: Характеристика параметра
B105: Интенсивность элемента 1 | C105: λ1 | D105: Принято | E105: 0.001 | F105: 1/ч | G105: λ1 = 1.0*10^-3 1/ч
B106: Интенсивность элемента 2 | C106: λ2 | D106: Принято | E106: 0.002 | F106: 1/ч | G106: λ2 = 2.0*10^-3 1/ч
B107: Время оценки | C107: t | D107: Принято | E107: 50 | F107: ч | G107: t = 50 ч
B108: Интенсивность цепи | C108: λ0 | D108: λ1 + λ2 | E108: =E105+E106 | F108: 1/ч | G108: λ0 = 0.003 1/ч
B109: Интенсивность отказов λc(t) | C109: λc(t) | D109: (2*(λ1+λ2)*(1-EXP(-(λ1+λ2)*t)))/(2-EXP(-(λ1+λ2)*t)) | E109: =(2*E108*(1-EXP(-E108*E107)))/(2-EXP(-E108*E107)) | F109: 1/ч | G109: λc(t) = 2(λ1+λ2)(1-e^-(λ1+λ2)t)/(2-e^-(λ1+λ2)t)
B110: Инженерное заключение: λc(t) = 2(λ1 + λ2)(1 - e^-(λ1+λ2)t) / (2 - e^-(λ1+λ2)t).
B113: ЗАДАЧА № 12. ДОПУСТИМАЯ ИНТЕНСИВНОСТЬ ОТКАЗОВ ЭЛЕМЕНТА (n = 4000)
B114: Постановка задачи: Система n=4000 элементов. Задано Pc(100)=0.9 при t=100 ч. Найти λдоп: а) без резерва; б) при общем дублировании.
B115: Показатель / Этап расчета | C115: Символ | D115: Математическая модель | E115: Численное значение | F115: Ед. | G115: Характеристика параметра
B116: Число элементов | C116: n | D116: Дано | E116: 4000 | F116: шт. | G116: n = 4000
B117: Требуемая вероятность Pc | C117: Pc | D117: Дано | E117: 0.9 | F117: — | G117: Pc(100) = 0.90
B118: Время t | C118: t | D118: Дано | E118: 100 | F118: ч | G118: t = 100 ч
...

Sheet Справочные формулы
B2: СПРАВОЧНИК МАТЕМАТИЧЕСКИХ МОДЕЛЕЙ НАДЕЖНОСТИ (ПРАКТИКА № 4)
B3: Аналитические зависимости теории постоянного резервирования (Раздел 4.1)
B4: Для инженерных расчетов систем автоматики и управления
B6: 1. Постоянное резервирование (нагруженный резерв)
B7: Физический смысл | C7: Резервные элементы подключены постоянно и работают в таком же режиме, как и основные.
B8: Вероятность отказа | C8: qc(t) = Произведение(1 - Pj(t)) = (1 - P(t))^(m+1) при равнонадежных цепях.
B9: Вероятность безотказной работы | C9: Pc(t) = 1 - (1 - P(t))^(m+1). При m=1 (дублирование): Pc(t) = 2P(t) - P^2(t).
B10: Экспоненциальная модель | C10: Pc(t) = 2*exp(-λ0*t) - exp(-2*λ0*t), где λ0 - интенсивность цепи.
B12: 2. Количественные показатели надежности
B13: Средняя наработка mtc (m=1) | C13: mtc = 1.5 * T0 = 1.5 / λ0 (выигрыш в 1.5 раза относительно цепи).
B14: Средняя наработка mtc (кратность m) | C14: mtc = (1/λ0) * (1 + 1/2 + ... + 1/(m+1)).
B15: Частота отказов fc(t) | C15: fc(t) = 2*λ0*exp(-λ0*t)*(1 - exp(-λ0*t)).
B16: Интенсивность отказов λc(t) | C16: λc(t) = 2*λ0*(1 - exp(-λ0*t)) / (2 - exp(-λ0*t)). При t=0 λc=0.
B18: 3. Эффективность резервирования
B19: Общее резервирование | C19: Резервируется вся система в целом: Pобщ = 1 - (1 - Pсист)^2.
B20: Раздельное резервирование | C20: Резервируется каждый блок отдельно: Pразд = [1 - (1 - Pбл)^2]^n.
B21: Сравнение | C21: Раздельное резервирование существенно надежнее общего при одинаковом расходе аппаратуры.
