Workbook

Sheet Сводка и Ответы
B2: ПРАКТИЧЕСКАЯ РАБОТА № 2 — СВОДНЫЕ РЕЗУЛЬТАТЫ
B3: Аналитическое определение количественных характеристик надежности изделия (экспоненциальный закон надежности)
B4: Дисциплина: Надежность автоматизированных систем (НАС) | Преподаватель: Ризванов | Выполнил: Студент Гайнанов Д.И. (группа ЭАС-414С)
B6: 1. РЕЗУЛЬТАТЫ РЕШЕНИЯ ЗАДАЧ ДЛЯ САМОСТОЯТЕЛЬНОГО РЕШЕНИЯ (№ 6 – 12)
B7: № задачи | C7: Краткое условие задачи | D7: Определяемые параметры | E7: Расчетная формула (математическая) | F7: Результат вычислений | G7: Ед. изм. | H7: Ссылка на лист решения | I7: Статус
B8: Задача 6 | C8: L1=460 ч, t=800 ч. Найти интенсивность отказов λ | D8: λ(800) | E8: λ = 1 / L1 | F8: ='Задачи 6-12'!E16 | G8: 1/ч | H8: Перейти к решению | I8: Решено
B9: Задача 6 (2) | C9: Та же задача, вероятность безотказной работы P(800) | D9: P(800) | E9: P(t) = exp(-λ · t) | F9: ='Задачи 6-12'!E18 | G9: — | H9: Перейти к решению | I9: Решено
B10: Задача 6 (3) | C10: Та же задача, частота отказов f(800) | D10: f(800) | E10: f(t) = λ · P(t) | F10: ='Задачи 6-12'!E20 | G10: 1/ч | H10: Перейти к решению | I10: Решено
B11: Задача 7 | C11: n=6000 элементов, λср=0.2·10⁻⁶ ч⁻¹, T=50 ч. Найти Pc(50) | D11: Pc(50) | E11: Pc(T) = exp(-n · λср · T) | F11: ='Задачи 6-12'!E37 | G11: — | H11: Перейти к решению | I11: Решено
B12: Задача 7 (2) | C12: Та же задача, среднее время безотказной работы mtc | D12: mtc | E12: mtc = 1 / (n · λср) | F12: ='Задачи 6-12'!E40 | G12: ч | H12: Перейти к решению | I12: Решено
B13: Задача 8 | C13: n=5000 элементов, λср=0.3·10⁻⁶ ч⁻¹, T=120 ч. Найти Pc(120) | D13: Pc(120) | E13: Pc(T) = exp(-n · λср · T) | F13: ='Задачи 6-12'!E57 | G13: — | H13: Перейти к решению | I13: Решено
B14: Задача 8 (2) | C14: Та же задача, среднее время безотказной работы mtc | D14: mtc | E14: mtc = 1 / (n · λср) | F14: ='Задачи 6-12'!E60 | G14: ч | H14: Перейти к решению | I14: Решено
B15: Задача 9 | C15: ЭВМ из n=200000 элементов, λср=0.3·10⁻⁶ ч⁻¹, сутки (t=24 ч) | D15: Pc(24) | E15: Pc(24) = exp(-n · λср · 24) | F15: ='Задачи 6-12'!E77 | G15: — | H15: Перейти к решению | I15: Решено
B16: Задача 9 (2) | C16: Та же задача, среднее время безотказной работы ЭВМ | D16: mtc | E16: mtc = 1 / (n · λср) | F16: ='Задачи 6-12'!E80 | G16: ч | H16: Перейти к решению | I16: Решено
B17: Задача 10 | C17: n=12600, λср=0.32·10⁻⁶ ч⁻¹, t=50 ч. Вероятность Pc(50) | D17: Pc(50) | E17: Pc(t) = exp(-λc · t) | F17: ='Задачи 6-12'!E97 | G17: — | H17: Перейти к решению | I17: Решено
B18: Задача 10 (2) | C18: Та же задача, вероятность отказа системы qc(50) | D18: qc(50) | E18: qc(t) = 1 - Pc(t) | F18: ='Задачи 6-12'!E98 | G18: — | H18: Перейти к решению | I18: Решено
B19: Задача 10 (3) | C19: Та же задача, частота отказов fc(50) | D19: fc(50) | E19: fc(t) = λc · Pc(t) | F19: ='Задачи 6-12'!E99 | G19: 1/ч | H19: Перейти к решению | I19: Решено
B20: Задача 10 (4) | C20: Та же задача, средняя наработка системы mtc | D20: mtc | E20: mtc = 1 / λc | F20: ='Задачи 6-12'!E100 | G20: ч | H20: Перейти к решению | I20: Решено
B21: Задача 11 | C21: Прибор с λ=0.1·10⁻⁶ ч⁻¹, t=180 ч. Вероятность p(180) | D21: p(180) | E21: p(t) = exp(-λ · t) | F21: ='Задачи 6-12'!E115 | G21: — | H21: Перейти к решению | I21: Решено
B22: Задача 11 (2) | C22: Та же задача, вероятность отказа прибора q(180) | D22: q(180) | E22: q(t) = 1 - p(t) | F22: ='Задачи 6-12'!E116 | G22: — | H22: Перейти к решению | I22: Решено
B23: Задача 11 (3) | C23: Та же задача, частота отказов прибора f(180) | D23: f(180) | E23: f(t) = λ · p(t) | F23: ='Задачи 6-12'!E117 | G23: 1/ч | H23: Перейти к решению | I23: Решено
B24: Задача 11 (4) | C24: Та же задача, среднее время безотказной работы mt | D24: mt | E24: mt = 1 / λ | F24: ='Задачи 6-12'!E118 | G24: ч | H24: Перейти к решению | I24: Решено
B25: Задача 12 | C25: Система из 5 приборов (mti={83, 220, 280, 400, 700} ч) | D25: λc | E25: λc = Σ (1 / mti) | F25: ='Задачи 6-12'!F132 | G25: 1/ч | H25: Перейти к решению | I25: Решено
B26: Задача 12 (2) | C26: Та же задача, среднее время безотказной работы mtc | D26: mtc | E26: mtc = 1 / λc | F26: ='Задачи 6-12'!E137 | G26: ч | H26: Перейти к решению | I26: Решено
B29: 2. РЕЗУЛЬТАТЫ РЕШЕНИЯ ТИПОВЫХ ЗАДАЧ ИЗ ПРЕЗЕНТАЦИИ (№ 1 – 5)
B30: № задачи | C30: Тема / Объект расчета | D30: Ключевые исходные данные | E30: Искомый параметр | F30: Результат вычислений | G30: Ед. изм. | H30: Сверка со слайдом | I30: Ссылка
B31: Задача 1 | C31: Автоматический регулятор | D31: L1=640 ч, t=120 ч | E31: P(120), λ, f(120) | F31: ='Задачи 1-5'!E18 | G31: — | H31: P=0.83; λ=1.56·10⁻³; f=1.29·10⁻³ (Совпадает) | I31: Смотреть
B32: Задача 2 | C32: Система из N одинаковых элементов | D32: P=0.99, N1=1000, N2=100 | E32: Pc(1000), Pc(100) | F32: ='Задачи 1-5'!E35 | G32: — | H32: Pc(1000)=0.432·10⁻⁴; Pc(100)=0.366 (Совпадает) | I32: Смотреть
B33: Задача 3 | C33: Система управления | D33: n=6000, λср=0.2·10⁻⁶, T=50 ч | E33: Pc(50), mtc | F33: ='Задачи 1-5'!E54 | G33: ч | H33: mtc=833.3 ч; Pc(50)=0.9418 (в слайде опечатка 0.994) | I33: Смотреть
B34: Задача 4 | C34: Система из 11000 элементов | D34: n=11000, λср=0.12·10⁻⁶, t=80 ч | E34: Pc(80), mtc, fc(80) | F34: ='Задачи 1-5'!E74 | G34: ч | H34: mtc=758 ч; Pc=0.8998 (на слайде ≈0.82) | I34: Смотреть
B35: Задача 5 | C35: Элемент (экспоненциальный закон) | D35: λ=2.5·10⁻⁵ ч⁻¹, t=1000 ч | E35: p(1000), q, f, mt | F35: ='Задачи 1-5'!E89 | G35: — | H35: p=0.9753; q=0.0247; f=2.439·10⁻⁵; mt=40000 (Совпадает) | I35: Смотреть

Sheet Задачи 6-12
B2: ЗАДАЧИ ДЛЯ САМОСТОЯТЕЛЬНОГО РЕШЕНИЯ (№ 6 – 12)
B3: Практическая работа № 2. Аналитическое определение количественных характеристик надежности изделия
B4: Все расчеты выполнены формулами Excel со ссылками на ячейки исходных данных
B6: ЗАДАЧА № 6. Расчет показателей надежности системы при L1 = 460 ч (t = 800 ч)
B7: Условие: Средняя наработка до отказа L1 системы равна 460 часов. Для экспоненциального закона надежности определить вероятность безотказной работы, частоту отказов и интенсивность отказов за 800 часов работы системы.
B9: Таблица 1. Исходные данные задачи
B10: Наименование параметра | C10: Обозначение | D10: Значение | E10: Ед. изм. | F10: Пояснение
B11: Средняя наработка до отказа | C11: L1 | D11: 460 | E11: ч | F11: L1 = mt = 460 ч
B12: Время работы (наработка) | C12: t | D12: 800 | E12: ч | F12: Момент времени t = 800 ч
B14: Таблица 2. Расчет показателей надежности
B15: Определяемый показатель | C15: Обозначение | D15: Математическая формула | E15: Значение (формула Excel) | F15: Ед. изм. | G15: Пояснение к результату
B16: Интенсивность отказов | C16: l_800 | D16: 1 / L1 | E16: =1/D11 | F16: 1/ч | G16: λ = const = 1 / 460 ≈ 0.002174 ч⁻¹
B17: Показатель экспоненты (λ · t) | C17: lt | D17: λ · t | E17: =E16*D12 | F17: — | G17: λ · t = 800 / 460 ≈ 1.73913
B18: Вероятность безотказной работы | C18: P_800 | D18: EXP(-λ · t) | E18: =EXP(-E17) | F18: — | G18: P(800) = exp(-1.73913) ≈ 0.1757 (17.57%)
B19: Вероятность отказа (доп.) | C19: q_800 | D19: 1 - P(t) | E19: =1-E18 | F19: — | G19: q(800) = 1 - 0.1757 = 0.8243 (82.43%)
B20: Частота отказов системы | C20: f_800 | D20: λ · P(t) | E20: =E16*E18 | F20: 1/ч | G20: f(800) = 0.002174 · 0.1757 ≈ 0.000382 ч⁻¹
B21: ВЫВОД / ОТВЕТ: При t = 800 ч: интенсивность отказов λ = 0,002174 1/ч (2,17·10⁻³ ч⁻¹); вероятность безотказной работы P(800) = 0,1757 (17,57%); частота отказов f(800) = 0,000382 1/ч (3,82·10⁻⁴ ч⁻¹).
B24: ЗАДАЧА № 7. Надежность системы из 6000 последовательных элементов (t = 50 ч)
B25: Условие: Система управления состоит из 6000 элементов, соединенных последовательно, средняя интенсивность отказов которых λср(t) = 0,2∙10⁻⁶ ч⁻¹. Необходимо определить вероятность безотказной работы в течение Т = 50 ч и среднее время безотказной работы системы.
B27: Таблица 1. Исходные данные задачи
B28: Наименование параметра | C28: Обозначение | D28: Значение | E28: Ед. изм. | F28: Пояснение
B29: Число элементов в системе | C29: n | D29: 6000 | E29: шт. | F29: Количество последовательных элементов
B30: Средняя интенсивность отказов элемента | C30: l_elem | D30: 2e-07 | E30: 1/ч | F30: λср = 0.2·10⁻⁶ ч⁻¹ = 2·10⁻⁷ ч⁻¹
B31: Время непрерывной работы | C31: T | D31: 50 | E31: ч | F31: Период испытаний T = 50 ч
B33: Таблица 2. Расчет показателей надежности
B34: Определяемый показатель | C34: Обозначение | D34: Математическая формула | E34: Значение (формула Excel) | F34: Ед. изм. | G34: Пояснение к результату
B35: Интенсивность отказов системы | C35: lc | D35: n · λср | E35: =D29*D30 | F35: 1/ч | G35: λc = 6000 · 0.2·10⁻⁶ = 0.0012 ч⁻¹ (1.2·10⁻³ ч⁻¹)
B36: Показатель экспоненты (λc · T) | C36: lcT | D36: λc · T | E36: =E35*D31 | F36: — | G36: λc · T = 0.0012 · 50 = 0.0600
B37: Вероятность безотказной работы системы | C37: Pc_50 | D37: EXP(-λc · T) | E37: =EXP(-E36) | F37: — | G37: Pc(50) = exp(-0.06) ≈ 0.9418 (94.18%)
B38: Вероятность отказа системы (доп.) | C38: qc_50 | D38: 1 - Pc(T) | E38: =1-E37 | F38: — | G38: qc(50) = 1 - 0.9418 = 0.0582 (5.82%)
B39: Частота отказов системы (доп.) | C39: fc_50 | D39: λc · Pc(T) | E39: =E35*E37 | F39: 1/ч | G39: fc(50) = 0.0012 · 0.9418 ≈ 0.001130 ч⁻¹
B40: Среднее время безотказной работы системы | C40: mtc | D40: 1 / λc | E40: =1/E35 | F40: ч | G40: mtc = 1 / 0.0012 = 833.33 ч
B41: ВЫВОД / ОТВЕТ: Для системы из 6000 элементов: вероятность безотказной работы за 50 ч равна Pc(50) = 0,9418 (94,18%); среднее время безотказной работы системы mtc = 833,33 ч (интенсивность отказов λc = 1,2·10⁻³ ч⁻¹).
B44: ЗАДАЧА № 8. Надежность системы из 5000 последовательных элементов (t = 120 ч)
B45: Условие: Система управления состоит из 5000 элементов, соединенных последовательно, средняя интенсивность отказов которых λср(t) = 0,3∙10⁻⁶ ч⁻¹. Необходимо определить вероятность безотказной работы в течение Т = 120 ч и среднее время безотказной работы системы.
B47: Таблица 1. Исходные данные задачи
B48: Наименование параметра | C48: Обозначение | D48: Значение | E48: Ед. изм. | F48: Пояснение
B49: Число элементов в системе | C49: n | D49: 5000 | E49: шт. | F49: Количество последовательных элементов
B50: Средняя интенсивность отказов элемента | C50: l_elem | D50: 3e-07 | E50: 1/ч | F50: λср = 0.3·10⁻⁶ ч⁻¹ = 3·10⁻⁷ ч⁻¹
B51: Время непрерывной работы | C51: T | D51: 120 | E51: ч | F51: Период испытаний T = 120 ч
B53: Таблица 2. Расчет показателей надежности
B54: Определяемый показатель | C54: Обозначение | D54: Математическая формула | E54: Значение (формула Excel) | F54: Ед. изм. | G54: Пояснение к результату
B55: Интенсивность отказов системы | C55: lc | D55: n · λср | E55: =D49*D50 | F55: 1/ч | G55: λc = 5000 · 0.3·10⁻⁶ = 0.0015 ч⁻¹ (1.5·10⁻³ ч⁻¹)
B56: Показатель экспоненты (λc · T) | C56: lcT | D56: λc · T | E56: =E55*D51 | F56: — | G56: λc · T = 0.0015 · 120 = 0.1800
B57: Вероятность безотказной работы системы | C57: Pc_120 | D57: EXP(-λc · T) | E57: =EXP(-E56) | F57: — | G57: Pc(120) = exp(-0.18) ≈ 0.8353 (83.53%)
B58: Вероятность отказа системы (доп.) | C58: qc_120 | D58: 1 - Pc(T) | E58: =1-E57 | F58: — | G58: qc(120) = 1 - 0.8353 = 0.1647 (16.47%)
B59: Частота отказов системы (доп.) | C59: fc_120 | D59: λc · Pc(T) | E59: =E55*E57 | F59: 1/ч | G59: fc(120) = 0.0015 · 0.8353 ≈ 0.001253 ч⁻¹
B60: Среднее время безотказной работы системы | C60: mtc | D60: 1 / λc | E60: =1/E55 | F60: ч | G60: mtc = 1 / 0.0015 = 666.67 ч
B61: ВЫВОД / ОТВЕТ: Для системы из 5000 элементов: вероятность безотказной работы за 120 ч равна Pc(120) = 0,8353 (83,53%); среднее время безотказной работы mtc = 666,67 ч (интенсивность отказов λc = 1,5·10⁻³ ч⁻¹).
B64: ЗАДАЧА № 9. Надежность невосстанавливаемой ЭВМ из 200000 элементов в течение суток
B65: Условие: Невосстанавливаемая в процессе работы электронная машина состоит из 200000 элементов, соединенных последовательно, средняя интенсивность отказов которых λср(t) = 0,3∙10⁻⁶ ч⁻¹. Требуется определить вероятность безотказной работы электронной машины в течение суток и среднее время безотказной работы электронной машины.
B67: Таблица 1. Исходные данные задачи
B68: Наименование параметра | C68: Обозначение | D68: Значение | E68: Ед. изм. | F68: Пояснение
B69: Число элементов машины | C69: n | D69: 200000 | E69: шт. | F69: Количество последовательных элементов
B70: Интенсивность отказов одного элемента | C70: l_elem | D70: 3e-07 | E70: 1/ч | F70: λср = 0.3·10⁻⁶ ч⁻¹
B71: Время работы (сутки) | C71: t | D71: 24 | E71: ч | F71: Суточный интервал работы (1 сутки = 24 ч)
B73: Таблица 2. Расчет показателей надежности
B74: Определяемый показатель | C74: Обозначение | D74: Математическая формула | E74: Значение (формула Excel) | F74: Ед. изм. | G74: Пояснение к результату
B75: Интенсивность отказов машины | C75: lc | D75: n · λср | E75: =D69*D70 | F75: 1/ч | G75: λc = 200000 · 0.3·10⁻⁶ = 0.06 ч⁻¹ (6·10⁻² ч⁻¹)
B76: Показатель экспоненты (λc · t) | C76: lct | D76: λc · t | E76: =E75*D71 | F76: — | G76: λc · t = 0.06 · 24 = 1.4400
B77: Вероятность безотказной работы за сутки | C77: Pc_24 | D77: EXP(-λc · t) | E77: =EXP(-E76) | F77: — | G77: Pc(24) = exp(-1.44) ≈ 0.2369 (23.69%)
B78: Вероятность отказа машины за сутки | C78: qc_24 | D78: 1 - Pc(24) | E78: =1-E77 | F78: — | G78: qc(24) = 1 - 0.2369 = 0.7631 (76.31%)
B79: Частота отказов машины (доп.) | C79: fc_24 | D79: λc · Pc(24) | E79: =E75*E77 | F79: 1/ч | G79: fc(24) = 0.06 · 0.2369 ≈ 0.014216 ч⁻¹
B80: Среднее время безотказной работы машины | C80: mtc | D80: 1 / λc | E80: =1/E75 | F80: ч | G80: mtc = 1 / 0.06 = 16.67 ч (16 ч 40 мин)
B81: ВЫВОД / ОТВЕТ: Для ЭВМ из 200000 элементов: суточная вероятность безотказной работы Pc(24) = 0,2369 (23,69%); среднее время безотказной работы mtc = 16,67 ч (16 ч 40 мин; интенсивность отказов λc = 0,06 ч⁻¹).
B84: ЗАДАЧА № 10. Расчет Pc(t), qc(t), fc(t), mtc для системы из 12600 элементов (t = 50 ч)
B85: Условие: Система состоит из 12600 элементов, средняя интенсивность отказов которых λср = 0,32∙10⁻⁶ ч⁻¹. Требуется определить Pc(t), qc(t), fc(t), mtc для t = 50 ч.
B87: Таблица 1. Исходные данные задачи
B88: Наименование параметра | C88: Обозначение | D88: Значение | E88: Ед. изм. | F88: Пояснение
B89: Число элементов в системе | C89: n | D89: 12600 | E89: шт. | F89: Количество последовательных элементов
B90: Интенсивность отказов элемента | C90: l_elem | D90: 3.2e-07 | E90: 1/ч | F90: λср = 0.32·10⁻⁶ ч⁻¹
B91: Время наработки | C91: t | D91: 50 | E91: ч | F91: Контрольная точка t = 50 ч
B93: Таблица 2. Расчет показателей надежности
B94: Определяемый показатель | C94: Обозначение | D94: Математическая формула | E94: Значение (формула Excel) | F94: Ед. изм. | G94: Пояснение к результату
B95: Интенсивность отказов системы | C95: lc | D95: n · λср | E95: =D89*D90 | F95: 1/ч | G95: λc = 12600 · 0.32·10⁻⁶ = 0.004032 ч⁻¹ (4.032·10⁻³ ч⁻¹)
B96: Показатель экспоненты (λc · t) | C96: lct | D96: λc · t | E96: =E95*D91 | F96: — | G96: λc · t = 0.004032 · 50 = 0.2016
B97: Вероятность безотказной работы системы | C97: Pc_50 | D97: EXP(-λc · t) | E97: =EXP(-E96) | F97: — | G97: Pc(50) = exp(-0.2016) ≈ 0.8174 (81.74%)
B98: Вероятность отказа системы | C98: qc_50 | D98: 1 - Pc(t) | E98: =1-E97 | F98: — | G98: qc(50) = 1 - 0.8174 = 0.1826 (18.26%)
B99: Частота отказов системы | C99: fc_50 | D99: λc · Pc(t) | E99: =E95*E97 | F99: 1/ч | G99: fc(50) = 0.004032 · 0.8174 ≈ 0.003296 ч⁻¹
B100: Среднее время безотказной работы системы | C100: mtc | D100: 1 / λc | E100: =1/E95 | F100: ч | G100: mtc = 1 / 0.004032 ≈ 248.02 ч
B101: ВЫВОД / ОТВЕТ: При t = 50 ч: интенсивность отказов λc = 0,004032 1/ч; Pc(50) = 0,8174 (81,74%); qc(50) = 0,1826 (18,26%); fc(50) = 0,003296 1/ч (3,30·10⁻³ ч⁻¹); mtc = 248,02 ч.
B104: ЗАДАЧА № 11. Определение p(t), q(t), f(t), mt для прибора с λ = 0,1∙10⁻⁶ ч⁻¹ (t = 180 ч)
B105: Условие: Время работы прибора до отказа подчинено экспоненциальному закону распределения с параметром λ(t) = 0,1∙10⁻⁶ ч⁻¹; t = 180 ч. Требуется определить количественные характеристики надежности элемента p(t), q(t), f(t), mt.
B107: Таблица 1. Исходные данные задачи
B108: Наименование параметра | C108: Обозначение | D108: Значение | E108: Ед. изм. | F108: Пояснение
B109: Параметр распределения (интенсивность) | C109: l_val | D109: 1e-07 | E109: 1/ч | F109: λ = const = 0.1·10⁻⁶ ч⁻¹ = 1·10⁻⁷ ч⁻¹
B110: Время наработки | C110: t | D110: 180 | E110: ч | F110: Момент времени t = 180 ч
B112: Таблица 2. Расчет показателей надежности
B113: Определяемый показатель | C113: Обозначение | D113: Математическая формула | E113: Значение (формула Excel) | F113: Ед. изм. | G113: Пояснение к результату
B114: Показатель экспоненты (λ · t) | C114: lt | D114: λ · t | E114: =D109*D110 | F114: — | G114: λ · t = 0.1·10⁻⁶ · 180 = 0.000018
B115: Вероятность безотказной работы | C115: p_180 | D115: EXP(-λ · t) | E115: =EXP(-E114) | F115: — | G115: p(180) = exp(-0.000018) ≈ 0.999982 (99.9982%)
B116: Вероятность отказа прибора | C116: q_180 | D116: 1 - p(t) | E116: =1-E115 | F116: — | G116: q(180) = 1 - 0.999982 = 0.000018 (1.80·10⁻⁵)
B117: Частота отказов прибора | C117: f_180 | D117: λ · p(t) | E117: =D109*E115 | F117: 1/ч | G117: f(180) = 10⁻⁷ · 0.999982 ≈ 0.0000001 ч⁻¹ (1.00·10⁻⁷ ч⁻¹)
B118: Среднее время безотказной работы | C118: mt | D118: 1 / λ | E118: =1/D109 | F118: ч | G118: mt = 1 / 10⁻⁷ = 10 000 000 ч (10 млн часов)
B119: ВЫВОД / ОТВЕТ: Количественные характеристики прибора: p(180) = 0,999982; q(180) = 0,000018 (1,8·10⁻⁵); f(180) = 1,00·10⁻⁷ 1/ч; средняя наработка mt = 10 000 000 ч (10⁷ ч).
B122: ЗАДАЧА № 12. Расчет среднего времени безотказной работы системы из пяти приборов
B123: Условие: Система состоит из пяти приборов, среднее время безотказной работы которых равно: mt1 = 83 ч; mt2 = 220 ч; mt3 = 280 ч; mt4 = 400 ч; mt5 = 700 ч. Для приборов справедлив экспоненциальный закон надежности. Требуется найти среднее время безотказной работы системы mtc.
B125: Таблица 1. Исходные параметры надежности приборов системы
B126: № прибора | C126: Обозначение | D126: Средняя наработка mti | E126: Ед. изм. | F126: Интенсивность отказов λi = 1/mti | G126: Пояснение
B127: Прибор 1 | C127: mt1 | D127: 83 | E127: ч | F127: =1/D127 | G127: Прибор 1 (наименее надежный)
...

Sheet Задачи 1-5
B2: ТИПОВЫЕ ЗАДАЧИ С РЕШЕНИЕМ ИЗ ПРЕЗЕНТАЦИИ (№ 1 – 5)
B3: Практическая работа № 2. Аналитическое определение количественных характеристик надежности изделия
B4: Полное соответствие слайдам 8–10 презентации лекций
B6: ЗАДАЧА № 1. Автоматический регулятор (L1 = 640 ч, t = 120 ч)
B7: Условие: Средняя наработка до отказа L1 автоматического регулятора равна 640 часов. Предполагается, что справедлив экспоненциальный закон надежности. Определить вероятность безотказной работы, частоту отказов и интенсивность отказов за 120 часов работы системы.
B9: Таблица 1. Исходные данные задачи
B10: Наименование параметра | C10: Обозначение | D10: Значение | E10: Ед. изм. | F10: Пояснение
B11: Средняя наработка до отказа | C11: L1 | D11: 640 | E11: ч | F11: L1 = 640 ч
B12: Время наработки | C12: t | D12: 120 | E12: ч | F12: Момент времени t = 120 ч
B14: Таблица 2. Расчет показателей надежности
B15: Определяемый показатель | C15: Обозначение | D15: Математическая формула | E15: Значение (формула Excel) | F15: Ед. изм. | G15: Пояснение к результату
B16: Интенсивность отказов | C16: l_120 | D16: 1 / L1 | E16: =1/D11 | F16: 1/ч | G16: λ = const = 1 / 640 ≈ 0.001563 ч⁻¹ (1.56·10⁻³ ч⁻¹)
B17: Показатель экспоненты (λ · t) | C17: lt | D17: λ · t | E17: =E16*D12 | F17: — | G17: λ · t = 120 / 640 = 0.1875
B18: Вероятность безотказной работы | C18: P_120 | D18: EXP(-λ · t) | E18: =EXP(-E17) | F18: — | G18: P(120) = exp(-0.1875) ≈ 0.8290 (в слайде округлено до 0.83)
B19: Частота отказов регулятора | C19: f_120 | D19: λ · P(t) | E19: =E16*E18 | F19: 1/ч | G19: f(120) = 0.001563 · 0.8290 ≈ 0.001295 ч⁻¹ (1.29·10⁻³ ч⁻¹)
B20: ВЫВОД / ОТВЕТ: При t = 120 ч: интенсивность отказов λ = 1,56·10⁻³ 1/ч; вероятность безотказной работы P(120) = 0,8290 ≈ 0,83; частота отказов f(120) = 1,29·10⁻³ 1/ч (полное совпадение со слайдом 8).
B23: ЗАДАЧА № 2. Надежность системы из 1000 и 100 элементов при P(t) = 0,99
B24: Условие: Система состоит из 1000 элементов с высокой вероятностью безотказной работы P(t) = 0,99. Определить надежность всей системы. Определить надежность этой системы, если число элементов – 100?
B26: Таблица 1. Исходные данные задачи
B27: Наименование параметра | C27: Обозначение | D27: Значение | E27: Ед. изм. | F27: Пояснение
B28: Вероятность безотказной работы элемента | C28: P_el | D28: 0.99 | E28: — | F28: P(t) = 0.99 для каждого элемента
B29: Число элементов в первой конфигурации | C29: N1 | D29: 1000 | E29: шт. | F29: N1 = 1000 элементов
B30: Число элементов во второй конфигурации | C30: N2 | D30: 100 | E30: шт. | F30: N2 = 100 элементов
B32: Таблица 2. Расчет показателей надежности
B33: Определяемый показатель | C33: Обозначение | D33: Математическая формула | E33: Значение (формула Excel) | F33: Ед. изм. | G33: Пояснение к результату
B34: Надежность системы при N = 1000 | C34: Pc_1000 | D34: P_el ^ N1 | E34: =D28^D29 | F34: — | G34: Pc = 0.99¹⁰⁰⁰ ≈ 0.00004317 (0.432·10⁻⁴ по слайду)
B35: Надежность системы при N = 100 | C35: Pc_100 | D35: P_el ^ N2 | E35: =D28^D30 | F35: — | G35: Pc = 0.99¹⁰⁰ ≈ 0.36603 (0.366 по слайду)
B36: ВЫВОД / ОТВЕТ: При N = 1000 элементов: Pc(t) = 0,432·10⁻⁴ (система крайне ненадежна из-за большого числа элементов); при N = 100 элементов: Pc(t) = 0,366 (36,6%). Полное совпадение со слайдом 8.
B39: ЗАДАЧА № 3. Система управления из 6000 элементов (T = 50 ч)
B40: Условие: Система управления состоит из 6000 элементов, соединенных последовательно, средняя интенсивность отказов которых λср(t) = 0,2∙10⁻⁶ ч⁻¹. Необходимо определить вероятность безотказной работы Pc(t) в течение Т = 50 ч и среднее время безотказной работы системы mtc.
B42: Таблица 1. Исходные данные задачи
B43: Наименование параметра | C43: Обозначение | D43: Значение | E43: Ед. изм. | F43: Пояснение
B44: Число элементов | C44: n | D44: 6000 | E44: шт. | F44: Последовательное соединение
B45: Интенсивность отказов элемента | C45: l_elem | D45: 2e-07 | E45: 1/ч | F45: λср = 0.2·10⁻⁶ ч⁻¹
B46: Время работы | C46: T | D46: 50 | E46: ч | F46: T = 50 ч
B48: Таблица 2. Расчет показателей надежности
B49: Определяемый показатель | C49: Обозначение | D49: Математическая формула | E49: Значение (формула Excel) | F49: Ед. изм. | G49: Пояснение к результату
B50: Интенсивность отказов системы | C50: lc | D50: n · λср | E50: =D44*D45 | F50: 1/ч | G50: λc = 6000 · 0.2·10⁻⁶ = 0.0012 ч⁻¹ (1.2·10⁻³ ч⁻¹)
B51: Показатель экспоненты (λc · T) | C51: lcT | D51: λc · T | E51: =E50*D46 | F51: — | G51: λc · T = 0.0012 · 50 = 0.0600 (на слайде опечатка 0.006)
B52: Точная вероятность безотказной работы | C52: Pc_50 | D52: EXP(-λc · T) | E52: =EXP(-E51) | F52: — | G52: Pc(50) = exp(-0.06) ≈ 0.9418 (94.18%)
B53: Значение по тексту слайда (с опечаткой) | C53: Pc_slide | D53: EXP(-0.006) | E53: =EXP(-0.006) | F53: — | G53: В слайде 9 ошибочно записано e^(-0.006) = 0.994
B54: Среднее время безотказной работы системы | C54: mtc | D54: 1 / λc | E54: =1/E50 | F54: ч | G54: mtc = 1 / 0.0012 = 833.33 ч (по слайду 833.3 ч)
B55: ВЫВОД / ОТВЕТ: Результаты: интенсивность отказов λc = 1,2·10⁻³ ч⁻¹; средняя наработка mtc = 833,33 ч; точная вероятность Pc(50) = 0,9418 (в формуле слайда 9 опечатка в степени, приведшая к 0,994).
B58: ЗАДАЧА № 4. Система из 11000 элементов (t = 80 ч)
B59: Условие: Система состоит из 11000 элементов, средняя интенсивность отказов которых λср = 0,12∙10⁻⁶ ч⁻¹. Требуется определить Pc(t), qc(t), fc(t), mtc для t = 80 ч.
B61: Таблица 1. Исходные данные задачи
B62: Наименование параметра | C62: Обозначение | D62: Значение | E62: Ед. изм. | F62: Пояснение
B63: Число элементов | C63: n | D63: 11000 | E63: шт. | F63: Количество элементов системы
B64: Интенсивность отказов элемента | C64: l_elem | D64: 1.2e-07 | E64: 1/ч | F64: λср = 0.12·10⁻⁶ ч⁻¹
B65: Время наработки | C65: t | D65: 80 | E65: ч | F65: Контрольная точка t = 80 ч
B67: Таблица 2. Расчет показателей надежности
B68: Определяемый показатель | C68: Обозначение | D68: Математическая формула | E68: Значение (формула Excel) | F68: Ед. изм. | G68: Пояснение к результату
B69: Интенсивность отказов системы | C69: lc | D69: n · λср | E69: =D63*D64 | F69: 1/ч | G69: λc = 11000 · 0.12·10⁻⁶ = 0.00132 ч⁻¹ (1.32·10⁻³ ч⁻¹)
B70: Показатель степени (λc · t) | C70: lct | D70: λc · t | E70: =E69*D65 | F70: — | G70: λc · t = 0.00132 · 80 = 0.1056
B71: Вероятность безотказной работы (точная) | C71: Pc_80 | D71: EXP(-λc · t) | E71: =EXP(-E70) | F71: — | G71: Pc(80) = exp(-0.1056) ≈ 0.8998 (на слайде указано ≈ 0.82)
B72: Вероятность отказа (точная) | C72: qc_80 | D72: 1 - Pc(t) | E72: =1-E71 | F72: — | G72: qc(80) = 1 - 0.8998 ≈ 0.1002 (на слайде ≈ 0.18)
B73: Частота отказов (точная) | C73: fc_80 | D73: λc · Pc(t) | E73: =E69*E71 | F73: 1/ч | G73: fc(80) = 0.00132 · 0.8998 ≈ 0.001188 ч⁻¹
B74: Среднее время безотказной работы системы | C74: mtc | D74: 1 / λc | E74: =1/E69 | F74: ч | G74: mtc = 1 / 0.00132 ≈ 757.58 ч (на слайде ≈ 758 ч)
B75: ВЫВОД / ОТВЕТ: Результаты: интенсивность отказов λc = 1,32·10⁻³ ч⁻¹; средняя наработка mtc = 757,58 ч ≈ 758 ч; точная Pc(80) = 0,8998; qc(80) = 0,1002; fc(80) = 1,19·10⁻³ ч⁻¹.
B78: ЗАДАЧА № 5. Расчет характеристик элемента при λ = 2,5∙10⁻⁵ ч⁻¹ (t = 1000 ч)
B79: Условие: Время работы элемента до отказа подчинено экспоненциальному закону распределения с параметром λ = 2,5∙10⁻⁵ ч⁻¹. Требуется вычислить количественные характеристики надежности элемента: p(t), q(t), f(t), mt для t = 1000 ч.
B81: Таблица 1. Исходные данные задачи
B82: Наименование параметра | C82: Обозначение | D82: Значение | E82: Ед. изм. | F82: Пояснение
B83: Интенсивность отказов элемента | C83: l_val | D83: 2.5e-05 | E83: 1/ч | F83: λ = 2.5·10⁻⁵ ч⁻¹
B84: Время наработки | C84: t | D84: 1000 | E84: ч | F84: t = 1000 ч
B86: Таблица 2. Расчет показателей надежности
B87: Определяемый показатель | C87: Обозначение | D87: Математическая формула | E87: Значение (формула Excel) | F87: Ед. изм. | G87: Пояснение к результату
B88: Показатель степени (λ · t) | C88: lt | D88: λ · t | E88: =D83*D84 | F88: — | G88: λ · t = 2.5·10⁻⁵ · 1000 = 0.0250
B89: Вероятность безотказной работы | C89: p_1000 | D89: EXP(-λ · t) | E89: =EXP(-E88) | F89: — | G89: p(1000) = exp(-0.025) ≈ 0.9753 (по слайду 0.9753)
B90: Вероятность отказа элемента | C90: q_1000 | D90: 1 - p(t) | E90: =1-E89 | F90: — | G90: q(1000) = 1 - 0.9753 = 0.0247 (по слайду 0.0247)
B91: Частота отказов элемента | C91: f_1000 | D91: λ · p(t) | E91: =D83*E89 | F91: 1/ч | G91: f(1000) = 2.5·10⁻⁵ · 0.9753 ≈ 2.439·10⁻⁵ ч⁻¹
B92: Среднее время безотказной работы | C92: mt | D92: 1 / λ | E92: =1/D83 | F92: ч | G92: mt = 1 / (2.5·10⁻⁵) = 40 000 ч (по слайду 40000 ч)
B93: ВЫВОД / ОТВЕТ: При t = 1000 ч: p(1000) = 0,9753; q(1000) = 0,0247; f(1000) = 2,439·10⁻⁵ 1/ч; mt = 40 000 ч. Полное 100% совпадение со слайдами 9–10.

Sheet Теория и формулы
B2: ТЕОРЕТИЧЕСКИЙ СПРАВОЧНИК — АНАЛИТИЧЕСКАЯ НАДЕЖНОСТЬ
B3: Аналитическое определение количественных характеристик надежности изделия (ГОСТ 27.002 и тема 2)
B4: Определения, обозначения, математические формулы и физический смысл
B6: ОСНОВНЫЕ АНАЛИТИЧЕСКИЕ ХАРАКТЕРИСТИКИ НАДЕЖНОСТИ
B7: Показатель надежности | C7: Обозначение | D7: Общая формула | E7: Формула при эксп. законе | F7: Ед. изм. | G7: Физический смысл и пояснение
B8: Вероятность безотказной работы | C8: p(t) | D8: p(t) = exp(-∫λ(t)dt) = 1 - ∫f(t)dt | E8: p(t) = e^(-λ·t) | F8: — | G8: Вероятность того, что в пределах заданной наработки t отказ объекта не возникнет
B9: Вероятность отказа изделия | C9: q(t) | D9: q(t) = 1 - p(t) | E9: q(t) = 1 - e^(-λ·t) | F9: — | G9: Вероятность того, что объект откажет хотя бы один раз за время от 0 до t
B10: Частота отказов (плотность) | C10: f(t) | D10: f(t) = -dp(t)/dt = dq(t)/dt | E10: f(t) = λ · e^(-λ·t) = λ · p(t) | F10: 1/ч | G10: Плотность вероятности возникновения отказа невосстанавливаемого объекта в момент t
B11: Интенсивность отказов | C11: λ(t) | D11: λ(t) = f(t) / p(t) = -(1/p)·dp/dt | E11: λ(t) = λ = const | F11: 1/ч | G11: Условная плотность вероятности отказа объекта в момент t при условии безотказной работы до t
B12: Средняя наработка до отказа | C12: mt | D12: mt = ∫ p(t) dt (от 0 до ∞) | E12: mt = 1 / λ | F12: ч | G12: Математическое ожидание времени безотказной работы объекта
B14: ОСОБЕННОСТИ ЭКСПОНЕНЦИАЛЬНОГО ЗАКОНА И СИСТЕМНОЙ НАДЕЖНОСТИ
B15: Свойство отсутствия последействия (старения): | C15: P(t + τ | t) = P(τ) = exp(-λ · τ). Объект не изнашивается и не стареет; надежность зависит только от длительности предстоящей работы.
B16: Постоянство интенсивности отказов: | C16: λ(t) = λ = const на всем периоде нормальной эксплуатации изделия (участок II кривой интенсивности отказов).
B17: Связь средней наработки и интенсивности: | C17: mt = 1 / λ <=> λ = 1 / mt. Если средняя наработка известна, интенсивность отказов находится обратным делением.
B18: Последовательное соединение n элементов: | C18: λc = Σ λi (теорема сложения интенсивностей); для одинаковых элементов: λc = n · λср.
B19: Вероятность безотказной работы системы: | C19: Pc(t) = Π Pi(t) = exp(-λc · t) = exp(-Σ λi · t); для одинаковых элементов: Pc(t) = [P(t)]ⁿ = exp(-n · λср · t).
B20: Средняя наработка последовательной системы: | C20: mtc = 1 / λc = 1 / (Σ 1 / mti). Средняя наработка системы всегда меньше средней наработки самого ненадежного элемента!
